Country Name,Country Code,Indicator Name,Indicator Code,1960,1961,1962,1963,1964,1965,1966,1967,1968,1969,1970,1971,1972,1973,1974,1975,1976,1977,1978,1979,1980,1981,1982,1983,1984,1985,1986,1987,1988,1989,1990,1991,1992,1993,1994,1995,1996,1997,1998,1999,2000,2001,2002,2003,2004,2005,2006,2007,2008,2009,2010,2011,2012,2013,2014,2015,2016,2017,2018,2019,2020,2021,2022
Aruba,ABW,"Mortality from CVD, cancer, diabetes or CRD between exact ages 30 and 70 (%)",SH.DYN.NCOM.ZS,,,,,,,,,,,,,,,,,,,,,,,,,,,,,,,,,,,,,,,,,,,,,,,,,,,,,,,,,,,,,,,
Africa Eastern and Southern,AFE,"Mortality from CVD, cancer, diabetes or CRD between exact ages 30 and 70 (%)",SH.DYN.NCOM.ZS,,,,,,,,,,,,,,,,,,,,,,,,,,,,,,,,,,,,,,,,,28.27338005,27.67713685,27.30464898,27.09301919,26.77825228,26.54215192,26.33916825,26.00463781,25.8937011,25.60819867,25.1987976,24.75916221,24.27514037,23.94007125,23.63056717,23.450471,23.21024608,22.8814394,22.53155973,22.263811,,,
Afghanistan,AFG,"Mortality from CVD, cancer, diabetes or CRD between exact ages 30 and 70 (%)",SH.DYN.NCOM.ZS,,,,,,,,,,,,,,,,,,,,,,,,,,,,,,,,,,,,,,,,,41.7,42.1,42.1,41.5,41.4,40.9,40.5,40.1,39.4,38.4,37.8,37.1,36.6,36.2,35.7,35.6,35.6,35.5,35.4,35.3,,,
Africa Western and Central,AFW,"Mortality from CVD, cancer, diabetes or CRD between exact ages 30 and 70 (%)",SH.DYN.NCOM.ZS,,,,,,,,,,,,,,,,,,,,,,,,,,,,,,,,,,,,,,,,,23.75302221,23.74848033,23.55562438,23.45774799,23.31088214,23.06287415,22.92461951,22.79049665,22.51414424,22.32737695,22.12489246,21.98004182,21.83119214,21.62204605,21.33194584,21.04068467,20.79704157,20.47253121,20.24092751,20.01083366,,,
Angola,AGO,"Mortality from CVD, cancer, diabetes or CRD between exact ages 30 and 70 (%)",SH.DYN.NCOM.ZS,,,,,,,,,,,,,,,,,,,,,,,,,,,,,,,,,,,,,,,,,28.6,28.4,28.1,28.2,28.1,27.1,27.3,25.7,25.8,24.2,24.6,23.8,24.2,24,22.8,22.8,22.6,22.1,22.1,22.2,,,
Albania,ALB,"Mortality from CVD, cancer, diabetes or CRD between exact ages 30 and 70 (%)",SH.DYN.NCOM.ZS,,,,,,,,,,,,,,,,,,,,,,,,,,,,,,,,,,,,,,,,,18.7,15.7,16.6,17.3,16.7,20.3,21.4,21.2,20.8,20.2,19.5,19.2,14.4,13.8,13.5,13.6,12.6,12.2,11.8,11.4,,,
Andorra,AND,"Mortality from CVD, cancer, diabetes or CRD between exact ages 30 and 70 (%)",SH.DYN.NCOM.ZS,,,,,,,,,,,,,,,,,,,,,,,,,,,,,,,,,,,,,,,,,,,,,,,,,,,,,,,,,,,,,,,
Arab World,ARB,"Mortality from CVD, cancer, diabetes or CRD between exact ages 30 and 70 (%)",SH.DYN.NCOM.ZS,,,,,,,,,,,,,,,,,,,,,,,,,,,,,,,,,,,,,,,,,25.3441256,25.37859319,25.34446347,25.3477027,25.09096447,24.86189302,24.77886755,24.57649851,24.51771011,24.44529986,24.15464239,23.81886136,23.83217233,23.3737316,23.2572601,23.3905868,22.986109,22.59340556,22.53025776,22.38560944,,,
United Arab Emirates,ARE,"Mortality from CVD, cancer, diabetes or CRD between exact ages 30 and 70 (%)",SH.DYN.NCOM.ZS,,,,,,,,,,,,,,,,,,,,,,,,,,,,,,,,,,,,,,,,,24.4,24.2,23.9,23.5,23.2,23.1,22.7,22.5,21.6,21.3,21.1,20.9,20.7,20.5,20.3,19.9,19.6,19.3,18.8,18.5,,,
Argentina,ARG,"Mortality from CVD, cancer, diabetes or CRD between exact ages 30 and 70 (%)",SH.DYN.NCOM.ZS,,,,,,,,,,,,,,,,,,,,,,,,,,,,,,,,,,,,,,,,,20.4,20.2,20.3,20,19.3,18.8,18.3,18.8,18,17.8,17.8,17.6,17.4,17,16.4,16.5,16.8,16.2,16.1,15.7,,,
Armenia,ARM,"Mortality from CVD, cancer, diabetes or CRD between exact ages 30 and 70 (%)",SH.DYN.NCOM.ZS,,,,,,,,,,,,,,,,,,,,,,,,,,,,,,,,,,,,,,,,,26.7,26.2,25.9,25.8,25.9,25.7,25.6,25.3,26.7,26.5,25,23.5,23.2,22.2,22,22.3,21.7,21.3,20,19.9,,,
American Samoa,ASM,"Mortality from CVD, cancer, diabetes or CRD between exact ages 30 and 70 (%)",SH.DYN.NCOM.ZS,,,,,,,,,,,,,,,,,,,,,,,,,,,,,,,,,,,,,,,,,,,,,,,,,,,,,,,,,,,,,,,
Antigua and Barbuda,ATG,"Mortality from CVD, cancer, diabetes or CRD between exact ages 30 and 70 (%)",SH.DYN.NCOM.ZS,,,,,,,,,,,,,,,,,,,,,,,,,,,,,,,,,,,,,,,,,18.9,18.2,19.1,18.6,18.3,17.4,17.6,20.1,19.8,18.5,17.9,17.6,16.8,17.3,18,18.1,17.7,17.8,17.7,17.5,,,
Australia,AUS,"Mortality from CVD, cancer, diabetes or CRD between exact ages 30 and 70 (%)",SH.DYN.NCOM.ZS,,,,,,,,,,,,,,,,,,,,,,,,,,,,,,,,,,,,,,,,,12.9,12.6,12.3,11.8,11.5,11.4,10.9,10.6,10.5,10.1,9.9,9.8,9.3,9.3,9.3,9.3,9,8.7,8.7,8.6,,,
Austria,AUT,"Mortality from CVD, cancer, diabetes or CRD between exact ages 30 and 70 (%)",SH.DYN.NCOM.ZS,,,,,,,,,,,,,,,,,,,,,,,,,,,,,,,,,,,,,,,,,15.3,14.7,13.9,13.7,13.2,12.8,12.5,12.3,12.1,12.4,12.4,12.2,12,11.8,11.7,11.6,11.2,10.8,10.9,10.4,,,
Azerbaijan,AZE,"Mortality from CVD, cancer, diabetes or CRD between exact ages 30 and 70 (%)",SH.DYN.NCOM.ZS,,,,,,,,,,,,,,,,,,,,,,,,,,,,,,,,,,,,,,,,,32.5,31.9,31.8,32,32.1,32.1,31.5,30.8,30.7,30.3,29.8,29.5,29.3,28.7,28.4,28.4,28.2,28.2,27.4,27.2,,,
Burundi,BDI,"Mortality from CVD, cancer, diabetes or CRD between exact ages 30 and 70 (%)",SH.DYN.NCOM.ZS,,,,,,,,,,,,,,,,,,,,,,,,,,,,,,,,,,,,,,,,,36.8,35.1,34,33,32.3,31.6,30.8,29.7,28.9,28.3,27.9,27.5,27.2,26.8,26.3,25.8,25.5,25.2,25.1,25,,,
Belgium,BEL,"Mortality from CVD, cancer, diabetes or CRD between exact ages 30 and 70 (%)",SH.DYN.NCOM.ZS,,,,,,,,,,,,,,,,,,,,,,,,,,,,,,,,,,,,,,,,,15.4,15.1,15,14.5,13.7,13.7,13.4,13.1,13.2,12.8,12.9,12.6,12.2,11.9,11.5,11.5,11.1,11,10.8,10.6,,,
Benin,BEN,"Mortality from CVD, cancer, diabetes or CRD between exact ages 30 and 70 (%)",SH.DYN.NCOM.ZS,,,,,,,,,,,,,,,,,,,,,,,,,,,,,,,,,,,,,,,,,25.3,25.3,25.3,25.2,25.1,24.9,24.7,24.5,24.1,24.2,24.1,24.1,24,23.8,23.7,23.5,23.3,23.2,22.9,22.6,,,
Burkina Faso,BFA,"Mortality from CVD, cancer, diabetes or CRD between exact ages 30 and 70 (%)",SH.DYN.NCOM.ZS,,,,,,,,,,,,,,,,,,,,,,,,,,,,,,,,,,,,,,,,,25.7,25.6,25.6,25.4,25.4,25.3,25.3,25.3,25.1,25.1,25.1,24.9,25.1,25.1,24.9,24.8,24.7,24.4,24.2,23.9,,,
Bangladesh,BGD,"Mortality from CVD, cancer, diabetes or CRD between exact ages 30 and 70 (%)",SH.DYN.NCOM.ZS,,,,,,,,,,,,,,,,,,,,,,,,,,,,,,,,,,,,,,,,,23.2,22.8,22.9,22.9,22.8,23.3,23.7,23.4,22.7,22.1,21.5,20.2,19.4,19,18.8,18.6,18.5,18.8,18.9,18.9,,,
Bulgaria,BGR,"Mortality from CVD, cancer, diabetes or CRD between exact ages 30 and 70 (%)",SH.DYN.NCOM.ZS,,,,,,,,,,,,,,,,,,,,,,,,,,,,,,,,,,,,,,,,,28.5,28.1,27.9,27.9,27.6,27.6,27.5,26.6,25.7,25.8,25.6,25.1,24.3,23.8,24.7,24.3,24.4,24.5,24.4,24.2,,,
Bahrain,BHR,"Mortality from CVD, cancer, diabetes or CRD between exact ages 30 and 70 (%)",SH.DYN.NCOM.ZS,,,,,,,,,,,,,,,,,,,,,,,,,,,,,,,,,,,,,,,,,30.8,30.2,28.9,27.8,26.3,24.8,22.7,21.4,20,19,18.2,17.6,17.1,16.8,16.6,16.4,16.3,16.2,16.1,16.1,,,
"Bahamas, The",BHS,"Mortality from CVD, cancer, diabetes or CRD between exact ages 30 and 70 (%)",SH.DYN.NCOM.ZS,,,,,,,,,,,,,,,,,,,,,,,,,,,,,,,,,,,,,,,,,19.8,20.7,19.4,19.6,21.3,20.1,20.5,19.8,20.2,20.3,20.6,20.5,19.8,19.1,18.8,19.4,19.5,19.2,19.8,19.9,,,
Bosnia and Herzegovina,BIH,"Mortality from CVD, cancer, diabetes or CRD between exact ages 30 and 70 (%)",SH.DYN.NCOM.ZS,,,,,,,,,,,,,,,,,,,,,,,,,,,,,,,,,,,,,,,,,22,21.9,21.9,21.5,21.1,21.7,21.1,21.9,20.6,20.5,20.1,19.7,19.1,19.1,19,19.2,18.8,18.7,18.8,18.7,,,
Belarus,BLR,"Mortality from CVD, cancer, diabetes or CRD between exact ages 30 and 70 (%)",SH.DYN.NCOM.ZS,,,,,,,,,,,,,,,,,,,,,,,,,,,,,,,,,,,,,,,,,33.2,34.5,35.6,34.5,33.7,34.1,32.7,30.8,30.9,30.7,30.8,30.7,27.5,26.4,25.7,24.7,24.6,24.2,24.3,23.8,,,
Belize,BLZ,"Mortality from CVD, cancer, diabetes or CRD between exact ages 30 and 70 (%)",SH.DYN.NCOM.ZS,,,,,,,,,,,,,,,,,,,,,,,,,,,,,,,,,,,,,,,,,23.4,20.3,19.3,18.8,19.2,18.2,18,17.5,16.3,17.1,17.1,16.6,16.3,16.1,16.4,16.4,16,16.2,16.1,16.5,,,
Bermuda,BMU,"Mortality from CVD, cancer, diabetes or CRD between exact ages 30 and 70 (%)",SH.DYN.NCOM.ZS,,,,,,,,,,,,,,,,,,,,,,,,,,,,,,,,,,,,,,,,,,,,,,,,,,,,,,,,,,,,,,,
Bolivia,BOL,"Mortality from CVD, cancer, diabetes or CRD between exact ages 30 and 70 (%)",SH.DYN.NCOM.ZS,,,,,,,,,,,,,,,,,,,,,,,,,,,,,,,,,,,,,,,,,20.8,20.2,19.8,19.3,18.9,18.7,18.2,18.3,18.1,18.1,18,18.1,18,18,18.1,18.2,18.2,18,18,17.9,,,
Brazil,BRA,"Mortality from CVD, cancer, diabetes or CRD between exact ages 30 and 70 (%)",SH.DYN.NCOM.ZS,,,,,,,,,,,,,,,,,,,,,,,,,,,,,,,,,,,,,,,,,21.6,21.1,20.5,20.1,20,19,18.7,18.4,18.4,18,17.7,17.6,17.1,16.8,16.3,16.2,16.3,15.8,15.7,15.5,,,
Barbados,BRB,"Mortality from CVD, cancer, diabetes or CRD between exact ages 30 and 70 (%)",SH.DYN.NCOM.ZS,,,,,,,,,,,,,,,,,,,,,,,,,,,,,,,,,,,,,,,,,17,16.3,16.7,16.7,17,16.7,16.7,16.8,16.7,16.3,16.2,16.1,15.5,15.4,15.7,15.6,15.7,15.7,15.8,16,,,
Brunei Darussalam,BRN,"Mortality from CVD, cancer, diabetes or CRD between exact ages 30 and 70 (%)",SH.DYN.NCOM.ZS,,,,,,,,,,,,,,,,,,,,,,,,,,,,,,,,,,,,,,,,,24,23.7,23,22.5,21.6,21.6,21.6,21.4,21.2,20.3,19.9,19.2,18.8,18.7,18.5,18.5,18.5,18.7,18.7,18.5,,,
Bhutan,BTN,"Mortality from CVD, cancer, diabetes or CRD between exact ages 30 and 70 (%)",SH.DYN.NCOM.ZS,,,,,,,,,,,,,,,,,,,,,,,,,,,,,,,,,,,,,,,,,23.1,22.7,22.2,21.9,21.5,21.2,20.9,20.6,20.2,19.9,19.4,19.3,19.2,19.1,19,18.9,18.5,18.7,18.6,18.5,,,
Botswana,BWA,"Mortality from CVD, cancer, diabetes or CRD between exact ages 30 and 70 (%)",SH.DYN.NCOM.ZS,,,,,,,,,,,,,,,,,,,,,,,,,,,,,,,,,,,,,,,,,38.4,38.2,37.8,37.4,37.2,36.7,35.3,33.7,33.3,31.7,31.3,31,31,30.7,30.2,29.7,28.9,28.5,28.2,27,,,
Central African Republic,CAF,"Mortality from CVD, cancer, diabetes or CRD between exact ages 30 and 70 (%)",SH.DYN.NCOM.ZS,,,,,,,,,,,,,,,,,,,,,,,,,,,,,,,,,,,,,,,,,41.7,41,40.9,40.3,39.9,39.4,39.7,39.4,39.1,39.5,39.4,39.1,38.6,38.5,38.2,38.1,37.4,37.1,36.5,36,,,
Canada,CAN,"Mortality from CVD, cancer, diabetes or CRD between exact ages 30 and 70 (%)",SH.DYN.NCOM.ZS,,,,,,,,,,,,,,,,,,,,,,,,,,,,,,,,,,,,,,,,,14.4,14,13.8,13.5,13.1,12.7,12.3,12.2,11.9,11.5,11.1,10.8,10.7,10.5,10.4,10.3,10.4,10.1,9.8,9.6,,,
Central Europe and the Baltics,CEB,"Mortality from CVD, cancer, diabetes or CRD between exact ages 30 and 70 (%)",SH.DYN.NCOM.ZS,,,,,,,,,,,,,,,,,,,,,,,,,,,,,,,,,,,,,,,,,25.60162626,25.09081083,24.73597964,24.52273355,23.93684887,23.67270282,23.33358134,22.9539045,22.33408453,22.16763922,21.49137745,20.90583086,20.60981411,20.16233462,19.82678658,19.9322907,19.43194554,19.21409603,18.83691404,18.33325312,,,
Switzerland,CHE,"Mortality from CVD, cancer, diabetes or CRD between exact ages 30 and 70 (%)",SH.DYN.NCOM.ZS,,,,,,,,,,,,,,,,,,,,,,,,,,,,,,,,,,,,,,,,,12.5,12,11.4,11.5,11,10.8,10.4,10.4,10.1,9.8,9.7,9.4,9.4,9.1,8.8,8.8,8.5,8.2,8.1,7.9,,,
Channel Islands,CHI,"Mortality from CVD, cancer, diabetes or CRD between exact ages 30 and 70 (%)",SH.DYN.NCOM.ZS,,,,,,,,,,,,,,,,,,,,,,,,,,,,,,,,,,,,,,,,,,,,,,,,,,,,,,,,,,,,,,,
Chile,CHL,"Mortality from CVD, cancer, diabetes or CRD between exact ages 30 and 70 (%)",SH.DYN.NCOM.ZS,,,,,,,,,,,,,,,,,,,,,,,,,,,,,,,,,,,,,,,,,14.3,14.7,14.2,14.4,13.9,13.7,13.4,13.5,12.9,13.1,12.9,12.7,12.5,12.3,11.9,11.6,11.1,10.6,10.3,10,,,
China,CHN,"Mortality from CVD, cancer, diabetes or CRD between exact ages 30 and 70 (%)",SH.DYN.NCOM.ZS,,,,,,,,,,,,,,,,,,,,,,,,,,,,,,,,,,,,,,,,,23,22.7,22.7,22.7,22.5,21.8,20.7,20,19.6,19.3,19,18.7,18.3,17.7,17.2,16.8,16.6,16.3,16,15.9,,,
Cote d'Ivoire,CIV,"Mortality from CVD, cancer, diabetes or CRD between exact ages 30 and 70 (%)",SH.DYN.NCOM.ZS,,,,,,,,,,,,,,,,,,,,,,,,,,,,,,,,,,,,,,,,,28.1,27.7,27.2,27.1,26.8,26.4,26.7,26.5,25.6,25.8,26,25.5,25.3,25,24.3,23.6,22.9,22.3,22,21.7,,,
Cameroon,CMR,"Mortality from CVD, cancer, diabetes or CRD between exact ages 30 and 70 (%)",SH.DYN.NCOM.ZS,,,,,,,,,,,,,,,,,,,,,,,,,,,,,,,,,,,,,,,,,28,28.2,28.1,28.2,28.1,28.7,28.7,28.2,27.9,27.7,27.4,27.2,27,26.7,26.2,25.5,25,24.4,24.1,23.9,,,
"Congo, Dem. Rep.",COD,"Mortality from CVD, cancer, diabetes or CRD between exact ages 30 and 70 (%)",SH.DYN.NCOM.ZS,,,,,,,,,,,,,,,,,,,,,,,,,,,,,,,,,,,,,,,,,28,27.9,27.5,27.9,27.8,27.5,27.3,26.8,26.8,27,26.7,26.3,25.9,25.3,24.8,24.3,23.9,23.7,24.1,24,,,
"Congo, Rep.",COG,"Mortality from CVD, cancer, diabetes or CRD between exact ages 30 and 70 (%)",SH.DYN.NCOM.ZS,,,,,,,,,,,,,,,,,,,,,,,,,,,,,,,,,,,,,,,,,35.7,33.6,31.8,30.9,30.6,29.8,29.3,28.8,28.3,28.2,27.6,27,27.1,26.4,25.8,24.6,24.2,23.6,23.1,22.6,,,
Colombia,COL,"Mortality from CVD, cancer, diabetes or CRD between exact ages 30 and 70 (%)",SH.DYN.NCOM.ZS,,,,,,,,,,,,,,,,,,,,,,,,,,,,,,,,,,,,,,,,,15.1,14.5,14.1,14.1,13.8,13.5,13.2,12.6,12.1,11.3,11.1,10.5,10.3,10.2,10.2,10.3,10.3,10.2,9.8,9.7,,,
Comoros,COM,"Mortality from CVD, cancer, diabetes or CRD between exact ages 30 and 70 (%)",SH.DYN.NCOM.ZS,,,,,,,,,,,,,,,,,,,,,,,,,,,,,,,,,,,,,,,,,25.3,24.7,24,23.2,22.6,22.3,21.9,21.9,22,21.4,21.3,21.2,21.1,21,21.5,21.4,21.2,21,20.7,20.6,,,
Cabo Verde,CPV,"Mortality from CVD, cancer, diabetes or CRD between exact ages 30 and 70 (%)",SH.DYN.NCOM.ZS,,,,,,,,,,,,,,,,,,,,,,,,,,,,,,,,,,,,,,,,,16.9,16.8,16.7,16.5,16.4,16.4,15.4,15.1,15,15,14.8,14.9,15.1,15,14.8,14.8,15.1,15.2,17.6,17.4,,,
Costa Rica,CRI,"Mortality from CVD, cancer, diabetes or CRD between exact ages 30 and 70 (%)",SH.DYN.NCOM.ZS,,,,,,,,,,,,,,,,,,,,,,,,,,,,,,,,,,,,,,,,,12.9,12.8,11.9,11.9,12.1,11,11.3,10.1,10,9.8,11.1,10.3,10.3,10.1,9.7,9.8,10,10.2,9.6,9.5,,,
Caribbean small states,CSS,"Mortality from CVD, cancer, diabetes or CRD between exact ages 30 and 70 (%)",SH.DYN.NCOM.ZS,,,,,,,,,,,,,,,,,,,,,,,,,,,,,,,,,,,,,,,,,23.416272,22.83558687,22.2055254,21.93847257,21.60598148,20.43849846,20.0224199,20.2071829,21.04312671,21.07320633,20.02757563,20.21498869,19.1172643,18.95642679,19.31713863,19.2808902,19.09670658,18.88287773,18.83274881,18.81158042,,,
Cuba,CUB,"Mortality from CVD, cancer, diabetes or CRD between exact ages 30 and 70 (%)",SH.DYN.NCOM.ZS,,,,,,,,,,,,,,,,,,,,,,,,,,,,,,,,,,,,,,,,,18.2,18.7,17.5,17.7,17.4,17.5,17.3,17.3,17.3,17.1,17.3,16.3,16.3,16.5,16.6,16.6,16.3,16.8,16.5,16.6,,,
Curacao,CUW,"Mortality from CVD, cancer, diabetes or CRD between exact ages 30 and 70 (%)",SH.DYN.NCOM.ZS,,,,,,,,,,,,,,,,,,,,,,,,,,,,,,,,,,,,,,,,,,,,,,,,,,,,,,,,,,,,,,,
Cayman Islands,CYM,"Mortality from CVD, cancer, diabetes or CRD between exact ages 30 and 70 (%)",SH.DYN.NCOM.ZS,,,,,,,,,,,,,,,,,,,,,,,,,,,,,,,,,,,,,,,,,,,,,,,,,,,,,,,,,,,,,,,
Cyprus,CYP,"Mortality from CVD, cancer, diabetes or CRD between exact ages 30 and 70 (%)",SH.DYN.NCOM.ZS,,,,,,,,,,,,,,,,,,,,,,,,,,,,,,,,,,,,,,,,,13.1,13.4,13.5,13.4,13.4,12.7,12.5,11.8,11.2,10.8,10.6,10,10.1,9.8,10,9.7,9.2,8.8,8.3,8.2,,,
Czechia,CZE,"Mortality from CVD, cancer, diabetes or CRD between exact ages 30 and 70 (%)",SH.DYN.NCOM.ZS,,,,,,,,,,,,,,,,,,,,,,,,,,,,,,,,,,,,,,,,,22.5,21.6,21.4,21.2,20.4,19.7,19.1,18.7,18.3,18.1,17.8,17.4,16.9,16.7,15.7,15.6,15,14.9,14.8,14.3,,,
Germany,DEU,"Mortality from CVD, cancer, diabetes or CRD between exact ages 30 and 70 (%)",SH.DYN.NCOM.ZS,,,,,,,,,,,,,,,,,,,,,,,,,,,,,,,,,,,,,,,,,16.1,15.5,15.3,15,14.4,14.1,13.6,13.5,13.3,13.2,13,12.8,12.6,12.8,12.4,12.6,12.4,12.1,12.2,12.1,,,
Djibouti,DJI,"Mortality from CVD, cancer, diabetes or CRD between exact ages 30 and 70 (%)",SH.DYN.NCOM.ZS,,,,,,,,,,,,,,,,,,,,,,,,,,,,,,,,,,,,,,,,,23.6,23.1,23.2,23.1,23.3,23.1,22.7,22.5,22.4,22.4,22.5,22.5,22.5,22.6,22.4,22.3,22.3,22.3,22.2,22,,,
Dominica,DMA,"Mortality from CVD, cancer, diabetes or CRD between exact ages 30 and 70 (%)",SH.DYN.NCOM.ZS,,,,,,,,,,,,,,,,,,,,,,,,,,,,,,,,,,,,,,,,,,,,,,,,,,,,,,,,,,,,,,,
Denmark,DNK,"Mortality from CVD, cancer, diabetes or CRD between exact ages 30 and 70 (%)",SH.DYN.NCOM.ZS,,,,,,,,,,,,,,,,,,,,,,,,,,,,,,,,,,,,,,,,,18.4,17.9,17.3,16.5,15.8,15.1,15.1,14.7,14.1,13.9,13.5,12.9,12.7,12.3,12.3,11.9,11.9,11.2,11.3,10.8,,,
Dominican Republic,DOM,"Mortality from CVD, cancer, diabetes or CRD between exact ages 30 and 70 (%)",SH.DYN.NCOM.ZS,,,,,,,,,,,,,,,,,,,,,,,,,,,,,,,,,,,,,,,,,14.3,13.7,13.8,14.6,14.9,15.3,16.4,16.8,16.9,17.1,16.7,17.2,18.2,19.3,20.8,21.5,21.7,21,20,19.1,,,
Algeria,DZA,"Mortality from CVD, cancer, diabetes or CRD between exact ages 30 and 70 (%)",SH.DYN.NCOM.ZS,,,,,,,,,,,,,,,,,,,,,,,,,,,,,,,,,,,,,,,,,17.6,17.3,17.1,17,16.8,16.6,16.3,16,15.7,15.5,15.2,15,14.8,14.5,14.3,14.3,14.2,14.1,13.9,13.9,,,
East Asia & Pacific (excluding high income),EAP,"Mortality from CVD, cancer, diabetes or CRD between exact ages 30 and 70 (%)",SH.DYN.NCOM.ZS,,,,,,,,,,,,,,,,,,,,,,,,,,,,,,,,,,,,,,,,,23.41413615,23.12884256,23.14194347,23.11401733,22.98418774,22.4465652,21.65158139,21.11905258,20.82365633,20.59636289,20.35225997,20.09375659,19.79271296,19.31742548,18.92539853,18.6543165,18.49756792,18.22929149,17.98086179,17.8789464,,,
Early-demographic dividend,EAR,"Mortality from CVD, cancer, diabetes or CRD between exact ages 30 and 70 (%)",SH.DYN.NCOM.ZS,,,,,,,,,,,,,,,,,,,,,,,,,,,,,,,,,,,,,,,,,24.76933668,24.61360923,24.50210463,24.15124248,23.42418535,23.39615489,23.47360511,23.48166985,23.46542831,23.32231874,23.38621078,23.23824457,23.06640645,22.4706212,22.11488985,22.36643915,22.25318041,21.9295689,21.72962376,21.56278126,,,
East Asia & Pacific,EAS,"Mortality from CVD, cancer, diabetes or CRD between exact ages 30 and 70 (%)",SH.DYN.NCOM.ZS,,,,,,,,,,,,,,,,,,,,,,,,,,,,,,,,,,,,,,,,,22.17942853,21.9032441,21.89711339,21.84974653,21.72183505,21.21885867,20.47397327,19.98532455,19.69766694,19.47313769,19.24525113,19.00429629,18.71060155,18.27093979,17.91475342,17.66260984,17.52964721,17.28407425,17.05613393,16.96840255,,,
Europe & Central Asia (excluding high income),ECA,"Mortality from CVD, cancer, diabetes or CRD between exact ages 30 and 70 (%)",SH.DYN.NCOM.ZS,,,,,,,,,,,,,,,,,,,,,,,,,,,,,,,,,,,,,,,,,33.07061314,32.90248692,33.31608045,33.08425855,32.45582988,32.48307333,30.77053617,29.71387017,29.3812907,28.3490177,27.74318312,26.51030842,25.52401936,24.78703446,25.46369574,24.23528848,24.29443422,23.3842026,23.29725386,22.61923096,,,
Europe & Central Asia,ECS,"Mortality from CVD, cancer, diabetes or CRD between exact ages 30 and 70 (%)",SH.DYN.NCOM.ZS,,,,,,,,,,,,,,,,,,,,,,,,,,,,,,,,,,,,,,,,,23.4423249,23.0721905,23.04776503,22.78371979,22.17243754,22.02736801,21.1116401,20.56356369,20.22702837,19.71065806,19.288711,18.66451321,18.20941586,17.79199306,17.91137849,17.48501652,17.39292578,16.91769845,16.80094207,16.40828241,,,
Ecuador,ECU,"Mortality from CVD, cancer, diabetes or CRD between exact ages 30 and 70 (%)",SH.DYN.NCOM.ZS,,,,,,,,,,,,,,,,,,,,,,,,,,,,,,,,,,,,,,,,,12.8,13,13.9,13.7,14,14.4,14.4,13.9,14,13.6,13.1,12.9,12.8,12.4,11.9,11.7,11.9,11.4,11.3,11,,,
"Egypt, Arab Rep.",EGY,"Mortality from CVD, cancer, diabetes or CRD between exact ages 30 and 70 (%)",SH.DYN.NCOM.ZS,,,,,,,,,,,,,,,,,,,,,,,,,,,,,,,,,,,,,,,,,27,28.3,28.9,29.5,29.3,29,29.4,29.1,29.4,29.9,29.9,29.2,30,28.8,29.2,30.4,29.4,28.1,28.3,28,,,
Euro area,EMU,"Mortality from CVD, cancer, diabetes or CRD between exact ages 30 and 70 (%)",SH.DYN.NCOM.ZS,,,,,,,,,,,,,,,,,,,,,,,,,,,,,,,,,,,,,,,,,15.28082579,14.84581398,14.57598152,14.32058889,13.73376536,13.51254193,13.11252604,12.93544858,12.64675517,12.50566099,12.25446029,12.08890906,11.98432826,11.74174151,11.41750506,11.46929192,11.2255217,11.05652826,10.9518596,10.79008232,,,
Eritrea,ERI,"Mortality from CVD, cancer, diabetes or CRD between exact ages 30 and 70 (%)",SH.DYN.NCOM.ZS,,,,,,,,,,,,,,,,,,,,,,,,,,,,,,,,,,,,,,,,,32.9,32.1,31.8,30.8,30.9,30.8,30.7,30.3,30.4,30,29.6,29.3,28.9,28.6,28.3,28.1,27.7,27.4,27.2,26.8,,,
Spain,ESP,"Mortality from CVD, cancer, diabetes or CRD between exact ages 30 and 70 (%)",SH.DYN.NCOM.ZS,,,,,,,,,,,,,,,,,,,,,,,,,,,,,,,,,,,,,,,,,13.7,13.3,13.1,13,12.5,12.4,12,11.8,11.4,11.3,11,10.9,10.7,10.4,10.2,10.3,10.2,10,9.8,9.6,,,
Estonia,EST,"Mortality from CVD, cancer, diabetes or CRD between exact ages 30 and 70 (%)",SH.DYN.NCOM.ZS,,,,,,,,,,,,,,,,,,,,,,,,,,,,,,,,,,,,,,,,,27,26.9,26.2,25.5,24.8,23.7,24,23.3,22,20.7,19.9,19.1,18.8,18.2,18,17.1,17.2,16.9,16.6,14.9,,,
Ethiopia,ETH,"Mortality from CVD, cancer, diabetes or CRD between exact ages 30 and 70 (%)",SH.DYN.NCOM.ZS,,,,,,,,,,,,,,,,,,,,,,,,,,,,,,,,,,,,,,,,,27.3,26,25.2,24.4,23.7,23.1,22.4,21.8,21.2,20.4,19.6,19,18.3,17.9,17.6,17.7,17.4,17.2,17.1,17.1,,,
European Union,EUU,"Mortality from CVD, cancer, diabetes or CRD between exact ages 30 and 70 (%)",SH.DYN.NCOM.ZS,,,,,,,,,,,,,,,,,,,,,,,,,,,,,,,,,,,,,,,,,17.47414645,16.98402258,16.6809749,16.41805915,15.82700571,15.58366679,15.19330719,14.96440838,14.62449275,14.48816018,14.14845282,13.89817735,13.76611209,13.47960445,13.15920578,13.23175265,12.9390587,12.76148969,12.58902781,12.35695503,,,
Fragile and conflict affected situations,FCS,"Mortality from CVD, cancer, diabetes or CRD between exact ages 30 and 70 (%)",SH.DYN.NCOM.ZS,,,,,,,,,,,,,,,,,,,,,,,,,,,,,,,,,,,,,,,,,27.82444147,27.42140967,27.14314082,26.99643108,26.85807113,26.64981072,26.18336121,25.91277222,25.58486015,25.02810115,24.55295219,24.23847164,23.9886195,23.63102489,23.43348858,23.08774608,22.88385214,22.57563821,22.57798596,22.39152053,,,
Finland,FIN,"Mortality from CVD, cancer, diabetes or CRD between exact ages 30 and 70 (%)",SH.DYN.NCOM.ZS,,,,,,,,,,,,,,,,,,,,,,,,,,,,,,,,,,,,,,,,,14.7,13.8,13.6,13.4,13.4,13,12.5,12.5,12.2,12.2,12,11.7,11.4,11.1,10.6,10.6,10.4,10.3,10,9.6,,,
Fiji,FJI,"Mortality from CVD, cancer, diabetes or CRD between exact ages 30 and 70 (%)",SH.DYN.NCOM.ZS,,,,,,,,,,,,,,,,,,,,,,,,,,,,,,,,,,,,,,,,,43.1,41.8,40.7,40.9,39.6,40.3,40.6,40.9,41,40.1,39.6,39.3,39,38.8,38.7,38.5,38.3,38.1,37.9,37.7,,,
France,FRA,"Mortality from CVD, cancer, diabetes or CRD between exact ages 30 and 70 (%)",SH.DYN.NCOM.ZS,,,,,,,,,,,,,,,,,,,,,,,,,,,,,,,,,,,,,,,,,14.1,13.8,13.6,13.4,12.8,12.7,12.4,12.2,12,11.9,11.8,11.5,11.8,11.3,11,11,10.9,10.8,10.7,10.6,,,
Faroe Islands,FRO,"Mortality from CVD, cancer, diabetes or CRD between exact ages 30 and 70 (%)",SH.DYN.NCOM.ZS,,,,,,,,,,,,,,,,,,,,,,,,,,,,,,,,,,,,,,,,,,,,,,,,,,,,,,,,,,,,,,,
"Micronesia, Fed. Sts.",FSM,"Mortality from CVD, cancer, diabetes or CRD between exact ages 30 and 70 (%)",SH.DYN.NCOM.ZS,,,,,,,,,,,,,,,,,,,,,,,,,,,,,,,,,,,,,,,,,44.9,44.7,44.4,44.3,44.5,44.6,44.5,44.4,44.4,44.5,44.6,44.7,44.8,44.9,45,45.6,45.6,45.8,46.1,46.3,,,
Gabon,GAB,"Mortality from CVD, cancer, diabetes or CRD between exact ages 30 and 70 (%)",SH.DYN.NCOM.ZS,,,,,,,,,,,,,,,,,,,,,,,,,,,,,,,,,,,,,,,,,30,29.5,28,27.9,26.4,26.7,27.3,26.6,27.5,26.3,25.8,25.7,23.2,22.4,24.3,24.1,23.5,22.6,22.2,21.3,,,
United Kingdom,GBR,"Mortality from CVD, cancer, diabetes or CRD between exact ages 30 and 70 (%)",SH.DYN.NCOM.ZS,,,,,,,,,,,,,,,,,,,,,,,,,,,,,,,,,,,,,,,,,16.5,16,15.7,15.3,14.6,14.2,13.8,13.6,13.2,12.7,12.4,12,11.7,11.6,11.3,11.3,11.3,10.8,10.5,10.3,,,
Georgia,GEO,"Mortality from CVD, cancer, diabetes or CRD between exact ages 30 and 70 (%)",SH.DYN.NCOM.ZS,,,,,,,,,,,,,,,,,,,,,,,,,,,,,,,,,,,,,,,,,30,28.4,31.8,29.5,29.2,26.6,26.7,26.5,28,31,27.1,26.4,25.3,25.1,25.1,25.5,26.5,24.9,24.7,24.9,,,
Ghana,GHA,"Mortality from CVD, cancer, diabetes or CRD between exact ages 30 and 70 (%)",SH.DYN.NCOM.ZS,,,,,,,,,,,,,,,,,,,,,,,,,,,,,,,,,,,,,,,,,23.8,24.3,24.5,24.7,24.8,25.1,25.3,25.7,25.8,25.7,25.7,25.4,25.2,24.9,24.5,24.1,23.8,23.3,22.8,22.5,,,
Gibraltar,GIB,"Mortality from CVD, cancer, diabetes or CRD between exact ages 30 and 70 (%)",SH.DYN.NCOM.ZS,,,,,,,,,,,,,,,,,,,,,,,,,,,,,,,,,,,,,,,,,,,,,,,,,,,,,,,,,,,,,,,
Guinea,GIN,"Mortality from CVD, cancer, diabetes or CRD between exact ages 30 and 70 (%)",SH.DYN.NCOM.ZS,,,,,,,,,,,,,,,,,,,,,,,,,,,,,,,,,,,,,,,,,22.4,22.4,22.9,23.1,23.4,23.4,24.3,25,25.1,25.3,25.8,26,26.2,26.4,26.3,26.3,26,25.6,25.2,24.9,,,
"Gambia, The",GMB,"Mortality from CVD, cancer, diabetes or CRD between exact ages 30 and 70 (%)",SH.DYN.NCOM.ZS,,,,,,,,,,,,,,,,,,,,,,,,,,,,,,,,,,,,,,,,,22.2,22.4,22.5,22.7,23,22.9,22.8,22.8,22.6,22.5,22.2,22.4,22.4,22.3,22.3,21.9,21.6,21.4,21.2,21.1,,,
Guinea-Bissau,GNB,"Mortality from CVD, cancer, diabetes or CRD between exact ages 30 and 70 (%)",SH.DYN.NCOM.ZS,,,,,,,,,,,,,,,,,,,,,,,,,,,,,,,,,,,,,,,,,31.1,30.7,30.4,29.9,30,29.3,29.1,29.2,29.2,29.4,29.1,28.7,28.1,28.3,27.5,26.1,26.2,26,25.5,24.9,,,
Equatorial Guinea,GNQ,"Mortality from CVD, cancer, diabetes or CRD between exact ages 30 and 70 (%)",SH.DYN.NCOM.ZS,,,,,,,,,,,,,,,,,,,,,,,,,,,,,,,,,,,,,,,,,28.6,26.9,25.1,24.6,23.9,23.3,23.3,23,22.9,22.8,23,23.4,23,22,22.1,22.9,23,22,22.5,22.1,,,
Greece,GRC,"Mortality from CVD, cancer, diabetes or CRD between exact ages 30 and 70 (%)",SH.DYN.NCOM.ZS,,,,,,,,,,,,,,,,,,,,,,,,,,,,,,,,,,,,,,,,,14.9,14.6,14.2,14.2,14.1,13.6,13.5,13.9,13.6,13.5,13.4,13.6,13.9,13.5,13,13.1,12.5,12.5,12.6,12.5,,,
Grenada,GRD,"Mortality from CVD, cancer, diabetes or CRD between exact ages 30 and 70 (%)",SH.DYN.NCOM.ZS,,,,,,,,,,,,,,,,,,,,,,,,,,,,,,,,,,,,,,,,,23,22.4,22.7,23.2,23,22.1,21.2,21.1,21.3,21.6,22.6,22.9,23.7,23.2,23.2,23.6,23.9,24,23.7,23.3,,,
Greenland,GRL,"Mortality from CVD, cancer, diabetes or CRD between exact ages 30 and 70 (%)",SH.DYN.NCOM.ZS,,,,,,,,,,,,,,,,,,,,,,,,,,,,,,,,,,,,,,,,,,,,,,,,,,,,,,,,,,,,,,,
Guatemala,GTM,"Mortality from CVD, cancer, diabetes or CRD between exact ages 30 and 70 (%)",SH.DYN.NCOM.ZS,,,,,,,,,,,,,,,,,,,,,,,,,,,,,,,,,,,,,,,,,14.9,14.8,14.4,15,15.3,16,16,15.7,15.5,16.3,16.7,16.6,16.9,17,17,17.3,17.2,16.2,16.6,16.5,,,
Guam,GUM,"Mortality from CVD, cancer, diabetes or CRD between exact ages 30 and 70 (%)",SH.DYN.NCOM.ZS,,,,,,,,,,,,,,,,,,,,,,,,,,,,,,,,,,,,,,,,,,,,,,,,,,,,,,,,,,,,,,,
Guyana,GUY,"Mortality from CVD, cancer, diabetes or CRD between exact ages 30 and 70 (%)",SH.DYN.NCOM.ZS,,,,,,,,,,,,,,,,,,,,,,,,,,,,,,,,,,,,,,,,,35.7,34.5,34.8,34.8,34.7,34.2,33.8,33.7,34,33.9,33.5,32.8,32.4,32,31.3,30.9,30.4,29.8,29.4,29.2,,,
High income,HIC,"Mortality from CVD, cancer, diabetes or CRD between exact ages 30 and 70 (%)",SH.DYN.NCOM.ZS,,,,,,,,,,,,,,,,,,,,,,,,,,,,,,,,,,,,,,,,,16.56678002,16.12232316,15.83281142,15.5577949,15.05231067,14.78058636,14.40451428,14.20058576,13.93042709,13.70478464,13.4060803,13.17563772,13.01036382,12.77803585,12.55443676,12.53958122,12.42722096,12.21353412,12.01726887,11.87969249,,,
"Hong Kong SAR, China",HKG,"Mortality from CVD, cancer, diabetes or CRD between exact ages 30 and 70 (%)",SH.DYN.NCOM.ZS,,,,,,,,,,,,,,,,,,,,,,,,,,,,,,,,,,,,,,,,,,,,,,,,,,,,,,,,,,,,,,,
Honduras,HND,"Mortality from CVD, cancer, diabetes or CRD between exact ages 30 and 70 (%)",SH.DYN.NCOM.ZS,,,,,,,,,,,,,,,,,,,,,,,,,,,,,,,,,,,,,,,,,17,16.9,17.2,17.3,17.3,17.4,17.5,17.3,17.1,16.9,16.9,17.1,20.8,20.9,21,21.2,19.3,19.5,18.8,18.7,,,
Heavily indebted poor countries (HIPC),HPC,"Mortality from CVD, cancer, diabetes or CRD between exact ages 30 and 70 (%)",SH.DYN.NCOM.ZS,,,,,,,,,,,,,,,,,,,,,,,,,,,,,,,,,,,,,,,,,27.51595545,27.06204934,26.70918343,26.4982413,26.22696623,25.97487902,25.75931791,25.49359016,25.26494902,25.09794476,24.8089598,24.57474645,24.28253754,24.01940809,23.70172289,23.42147066,23.17471728,22.90107717,22.74677649,22.58048518,,,
Croatia,HRV,"Mortality from CVD, cancer, diabetes or CRD between exact ages 30 and 70 (%)",SH.DYN.NCOM.ZS,,,,,,,,,,,,,,,,,,,,,,,,,,,,,,,,,,,,,,,,,22.9,22.3,22,21.9,20.6,20.7,19.8,19.9,20.1,19.5,18.8,18.3,17.8,17,17,17.6,17,16.8,16.3,16.1,,,
Haiti,HTI,"Mortality from CVD, cancer, diabetes or CRD between exact ages 30 and 70 (%)",SH.DYN.NCOM.ZS,,,,,,,,,,,,,,,,,,,,,,,,,,,,,,,,,,,,,,,,,34.5,34.2,33.8,33.8,33.7,33.8,33.7,33.9,33.8,33.7,33.7,33.5,33.3,32.9,32.8,32.6,32.2,31.7,31.6,31.3,,,
Hungary,HUN,"Mortality from CVD, cancer, diabetes or CRD between exact ages 30 and 70 (%)",SH.DYN.NCOM.ZS,,,,,,,,,,,,,,,,,,,,,,,,,,,,,,,,,,,,,,,,,29.1,27.2,27.1,27.2,26.8,26.7,26.2,25.9,25.3,25.3,24.5,24.5,23.7,23.1,23,23.2,22.8,23.1,22.7,22.1,,,
IBRD only,IBD,"Mortality from CVD, cancer, diabetes or CRD between exact ages 30 and 70 (%)",SH.DYN.NCOM.ZS,,,,,,,,,,,,,,,,,,,,,,,,,,,,,,,,,,,,,,,,,24.22188665,23.95806092,23.87307174,23.64457164,23.11450538,22.75342561,22.21742984,21.86688852,21.71422332,21.44903378,21.33931671,21.0799148,20.77613289,20.17777382,19.85295015,19.79849902,19.71315485,19.3325742,19.11518292,18.93906527,,,
IDA & IBRD total,IBT,"Mortality from CVD, cancer, diabetes or CRD between exact ages 30 and 70 (%)",SH.DYN.NCOM.ZS,,,,,,,,,,,,,,,,,,,,,,,,,,,,,,,,,,,,,,,,,24.70421745,24.43392803,24.33635181,24.12577076,23.65411428,23.34756006,22.87375021,22.5381699,22.36108484,22.09140564,21.94914114,21.6757499,21.37451721,20.8394072,20.53603985,20.4459244,20.3398192,19.99743161,19.80208386,19.63153106,,,
IDA total,IDA,"Mortality from CVD, cancer, diabetes or CRD between exact ages 30 and 70 (%)",SH.DYN.NCOM.ZS,,,,,,,,,,,,,,,,,,,,,,,,,,,,,,,,,,,,,,,,,27.18568302,26.87336781,26.69979482,26.5673152,26.37543383,26.32109931,26.12803284,25.83168631,25.5006982,25.17515728,24.84225633,24.47054666,24.15562791,23.8900509,23.65996308,23.3819999,23.15574632,22.95508094,22.82309683,22.63814388,,,
IDA blend,IDB,"Mortality from CVD, cancer, diabetes or CRD between exact ages 30 and 70 (%)",SH.DYN.NCOM.ZS,,,,,,,,,,,,,,,,,,,,,,,,,,,,,,,,,,,,,,,,,28.38482604,28.38613165,28.40836576,28.30953199,28.12655921,28.09369273,27.73533132,27.45610277,27.14780917,26.70537813,26.43973275,26.20998707,26.0093481,25.7681342,25.56623743,25.19878864,24.9084502,24.57654262,24.32621722,24.03426662,,,
Indonesia,IDN,"Mortality from CVD, cancer, diabetes or CRD between exact ages 30 and 70 (%)",SH.DYN.NCOM.ZS,,,,,,,,,,,,,,,,,,,,,,,,,,,,,,,,,,,,,,,,,25.6,25.7,25.8,25.9,26,26.1,26.1,26.2,26.2,26.2,26.1,25.9,25.8,25.7,25.6,25.6,25.4,25.2,25,24.8,,,
IDA only,IDX,"Mortality from CVD, cancer, diabetes or CRD between exact ages 30 and 70 (%)",SH.DYN.NCOM.ZS,,,,,,,,,,,,,,,,,,,,,,,,,,,,,,,,,,,,,,,,,26.58486357,26.11370347,25.84371715,25.69744034,25.50240652,25.43847486,25.32880425,25.02431965,24.68146383,24.41337997,24.04606213,23.60329391,23.23255078,22.95618759,22.71375129,22.48303027,22.29272905,22.16035464,22.08906666,21.95883337,,,
Isle of Man,IMN,"Mortality from CVD, cancer, diabetes or CRD between exact ages 30 and 70 (%)",SH.DYN.NCOM.ZS,,,,,,,,,,,,,,,,,,,,,,,,,,,,,,,,,,,,,,,,,,,,,,,,,,,,,,,,,,,,,,,
India,IND,"Mortality from CVD, cancer, diabetes or CRD between exact ages 30 and 70 (%)",SH.DYN.NCOM.ZS,,,,,,,,,,,,,,,,,,,,,,,,,,,,,,,,,,,,,,,,,25.1,24.9,24.6,23.9,22.5,22.5,22.8,23.1,23.3,23.2,23.7,23.9,23.7,22.7,22,22.6,22.6,22.2,22,21.9,,,
Not classified,INX,"Mortality from CVD, cancer, diabetes or CRD between exact ages 30 and 70 (%)",SH.DYN.NCOM.ZS,,,,,,,,,,,,,,,,,,,,,,,,,,,,,,,,,,,,,,,,,,,,,,,,,,,,,,,,,,,,,,,
Ireland,IRL,"Mortality from CVD, cancer, diabetes or CRD between exact ages 30 and 70 (%)",SH.DYN.NCOM.ZS,,,,,,,,,,,,,,,,,,,,,,,,,,,,,,,,,,,,,,,,,17.7,16.7,15.7,15.4,14.5,13.9,13.4,13,13,12.8,11.3,11.9,11.6,11.4,10.9,10.6,10.4,10.2,9.9,9.7,,,
"Iran, Islamic Rep.",IRN,"Mortality from CVD, cancer, diabetes or CRD between exact ages 30 and 70 (%)",SH.DYN.NCOM.ZS,,,,,,,,,,,,,,,,,,,,,,,,,,,,,,,,,,,,,,,,,20.6,20.2,19.7,19.2,18.7,18.1,17.6,17.1,16.6,16.1,15.5,15.3,15.3,15.3,15.3,15.4,15.2,15.1,14.9,14.8,,,
Iraq,IRQ,"Mortality from CVD, cancer, diabetes or CRD between exact ages 30 and 70 (%)",SH.DYN.NCOM.ZS,,,,,,,,,,,,,,,,,,,,,,,,,,,,,,,,,,,,,,,,,29.4,28.7,28.3,28.3,27.9,27.6,27.3,27.1,26.9,26.6,26.3,26,25.5,25,24.6,24.3,24,23.7,23.4,23.5,,,
Iceland,ISL,"Mortality from CVD, cancer, diabetes or CRD between exact ages 30 and 70 (%)",SH.DYN.NCOM.ZS,,,,,,,,,,,,,,,,,,,,,,,,,,,,,,,,,,,,,,,,,13.3,12.6,12.2,11.8,11.5,11.4,11,10.6,10.2,9.9,9.9,9.7,9.4,9.3,9.3,9.2,8.8,8.7,8.5,8.7,,,
Israel,ISR,"Mortality from CVD, cancer, diabetes or CRD between exact ages 30 and 70 (%)",SH.DYN.NCOM.ZS,,,,,,,,,,,,,,,,,,,,,,,,,,,,,,,,,,,,,,,,,14.3,13.7,13,12.7,12,12.2,11.6,11.5,11,10.3,10.4,10,9.9,9.9,9.5,9.6,9.2,9,8.9,8.8,,,
Italy,ITA,"Mortality from CVD, cancer, diabetes or CRD between exact ages 30 and 70 (%)",SH.DYN.NCOM.ZS,,,,,,,,,,,,,,,,,,,,,,,,,,,,,,,,,,,,,,,,,13.6,13.2,12.9,12.7,12,11.8,11.4,11.2,10.9,10.8,10.4,10.5,10.4,10,9.8,9.8,9.3,9.4,9.1,9,,,
Jamaica,JAM,"Mortality from CVD, cancer, diabetes or CRD between exact ages 30 and 70 (%)",SH.DYN.NCOM.ZS,,,,,,,,,,,,,,,,,,,,,,,,,,,,,,,,,,,,,,,,,18.2,17.8,17.1,16.6,15.7,14.1,14.3,15.5,17.5,18.9,16.1,17.4,15.5,15.2,16.6,16.8,16.7,16.6,16.7,16.9,,,
Jordan,JOR,"Mortality from CVD, cancer, diabetes or CRD between exact ages 30 and 70 (%)",SH.DYN.NCOM.ZS,,,,,,,,,,,,,,,,,,,,,,,,,,,,,,,,,,,,,,,,,23.9,23.6,23.2,22.2,22,21.8,21.3,20,18.6,17.7,17.1,16.3,15.9,15.3,15.1,14.9,14.8,15,15.2,15.3,,,
Japan,JPN,"Mortality from CVD, cancer, diabetes or CRD between exact ages 30 and 70 (%)",SH.DYN.NCOM.ZS,,,,,,,,,,,,,,,,,,,,,,,,,,,,,,,,,,,,,,,,,11.4,11.1,10.8,10.6,10.5,10.3,10,9.9,9.7,9.6,9.5,9.4,9.1,8.9,8.8,8.6,8.7,8.6,8.4,8.3,,,
Kazakhstan,KAZ,"Mortality from CVD, cancer, diabetes or CRD between exact ages 30 and 70 (%)",SH.DYN.NCOM.ZS,,,,,,,,,,,,,,,,,,,,,,,,,,,,,,,,,,,,,,,,,41.5,40.2,39.1,39.8,37.9,37.6,36.3,35.6,33.3,31.2,31.4,30.4,29.2,27.3,26.3,25.6,24.8,24.1,23.1,22.4,,,
Kenya,KEN,"Mortality from CVD, cancer, diabetes or CRD between exact ages 30 and 70 (%)",SH.DYN.NCOM.ZS,,,,,,,,,,,,,,,,,,,,,,,,,,,,,,,,,,,,,,,,,22.1,21.8,21.8,21.5,21.4,22.2,22.3,22.7,22.7,22.4,22.2,22.1,22,21.9,21.5,21.1,20.8,20.8,21,21,,,
Kyrgyz Republic,KGZ,"Mortality from CVD, cancer, diabetes or CRD between exact ages 30 and 70 (%)",SH.DYN.NCOM.ZS,,,,,,,,,,,,,,,,,,,,,,,,,,,,,,,,,,,,,,,,,33.5,31.5,32.6,33.2,32,32.5,32.8,32.1,30.6,29.5,27.9,28.4,26.9,26.2,26.3,24.9,23,22.3,21.3,20.3,,,
Cambodia,KHM,"Mortality from CVD, cancer, diabetes or CRD between exact ages 30 and 70 (%)",SH.DYN.NCOM.ZS,,,,,,,,,,,,,,,,,,,,,,,,,,,,,,,,,,,,,,,,,27.2,26.7,26.2,25.7,25.5,25.2,24.9,24.5,24.1,23.8,23.7,23.5,23.4,23.2,23,22.8,22.7,22.6,22.6,22.5,,,
Kiribati,KIR,"Mortality from CVD, cancer, diabetes or CRD between exact ages 30 and 70 (%)",SH.DYN.NCOM.ZS,,,,,,,,,,,,,,,,,,,,,,,,,,,,,,,,,,,,,,,,,56,55.7,55.4,54.9,54.6,54.5,54,53.9,53.7,53.4,53,52.8,52.4,52.3,52,51.7,51.5,51.3,51,50.8,,,
St. Kitts and Nevis,KNA,"Mortality from CVD, cancer, diabetes or CRD between exact ages 30 and 70 (%)",SH.DYN.NCOM.ZS,,,,,,,,,,,,,,,,,,,,,,,,,,,,,,,,,,,,,,,,,,,,,,,,,,,,,,,,,,,,,,,
"Korea, Rep.",KOR,"Mortality from CVD, cancer, diabetes or CRD between exact ages 30 and 70 (%)",SH.DYN.NCOM.ZS,,,,,,,,,,,,,,,,,,,,,,,,,,,,,,,,,,,,,,,,,16.5,15.8,15.5,14.9,14.3,13.5,12.7,12.2,11.6,11,10.6,10,9.5,9,8.7,8.4,8.2,7.8,7.5,7.3,,,
Kuwait,KWT,"Mortality from CVD, cancer, diabetes or CRD between exact ages 30 and 70 (%)",SH.DYN.NCOM.ZS,,,,,,,,,,,,,,,,,,,,,,,,,,,,,,,,,,,,,,,,,17.3,15.3,16.4,15.9,15.9,15.7,15.7,15.2,16.2,15,13.2,12,11.8,11.5,11.3,11.4,11.5,11.7,11.8,11.9,,,
Latin America & Caribbean (excluding high income),LAC,"Mortality from CVD, cancer, diabetes or CRD between exact ages 30 and 70 (%)",SH.DYN.NCOM.ZS,,,,,,,,,,,,,,,,,,,,,,,,,,,,,,,,,,,,,,,,,18.74921157,18.38659633,18.17122576,18.02157514,17.78898153,17.32700614,17.05952206,16.83948487,16.80026706,16.56809373,16.3817838,16.1311273,15.94812529,15.71935218,15.55293892,15.53847336,15.63531751,15.27499569,15.12455604,14.96071446,,,
Lao PDR,LAO,"Mortality from CVD, cancer, diabetes or CRD between exact ages 30 and 70 (%)",SH.DYN.NCOM.ZS,,,,,,,,,,,,,,,,,,,,,,,,,,,,,,,,,,,,,,,,,31.6,31.7,31.1,30.8,30.5,30.4,30.2,29.7,29.4,28.8,28.3,27.8,27.4,27.1,26.9,26.8,26.7,26.7,26.8,26.8,,,
Lebanon,LBN,"Mortality from CVD, cancer, diabetes or CRD between exact ages 30 and 70 (%)",SH.DYN.NCOM.ZS,,,,,,,,,,,,,,,,,,,,,,,,,,,,,,,,,,,,,,,,,20.2,19.9,19.8,19.8,19.9,20.1,20.1,20.5,20.6,20.7,20.7,20.8,20.8,20.8,20.7,20.6,20.4,20.3,19.9,19.9,,,
Liberia,LBR,"Mortality from CVD, cancer, diabetes or CRD between exact ages 30 and 70 (%)",SH.DYN.NCOM.ZS,,,,,,,,,,,,,,,,,,,,,,,,,,,,,,,,,,,,,,,,,19.7,19,19,18.5,19.2,18.6,19,19.7,19.7,19.8,20,20.4,20.2,19.5,19.5,18,17.8,17.7,17.6,17.8,,,
Libya,LBY,"Mortality from CVD, cancer, diabetes or CRD between exact ages 30 and 70 (%)",SH.DYN.NCOM.ZS,,,,,,,,,,,,,,,,,,,,,,,,,,,,,,,,,,,,,,,,,19.4,19.3,19.2,18.7,17.8,17.8,17.8,19.3,18.8,18.8,17.8,17.6,17.7,17.4,18,18.2,18.4,18.8,19,18.6,,,
St. Lucia,LCA,"Mortality from CVD, cancer, diabetes or CRD between exact ages 30 and 70 (%)",SH.DYN.NCOM.ZS,,,,,,,,,,,,,,,,,,,,,,,,,,,,,,,,,,,,,,,,,20.3,20,19.1,19,18.6,18.5,18.4,17.7,17.7,17.2,17,16.5,16.8,16.9,17.2,17.3,17.6,17.8,17.9,17.7,,,
Latin America & Caribbean,LCN,"Mortality from CVD, cancer, diabetes or CRD between exact ages 30 and 70 (%)",SH.DYN.NCOM.ZS,,,,,,,,,,,,,,,,,,,,,,,,,,,,,,,,,,,,,,,,,18.53751278,18.22272324,17.97866437,17.87161846,17.60834676,17.16932824,16.8987348,16.69962297,16.64468775,16.42903633,16.25312017,16.03845149,15.8528063,15.62159836,15.47583287,15.43262973,15.50565445,15.14111012,14.9677556,14.78214125,,,
Least developed countries: UN classification,LDC,"Mortality from CVD, cancer, diabetes or CRD between exact ages 30 and 70 (%)",SH.DYN.NCOM.ZS,,,,,,,,,,,,,,,,,,,,,,,,,,,,,,,,,,,,,,,,,27.04298427,26.58314088,26.30209473,26.15663755,25.97394694,25.82909147,25.78030797,25.41404695,25.04709553,24.72418486,24.34627472,23.89125769,23.46277174,23.1620656,22.88525386,22.67362448,22.51675243,22.38959919,22.36037857,22.25892982,,,
Low income,LIC,"Mortality from CVD, cancer, diabetes or CRD between exact ages 30 and 70 (%)",SH.DYN.NCOM.ZS,,,,,,,,,,,,,,,,,,,,,,,,,,,,,,,,,,,,,,,,,27.91943725,27.49038244,27.27223419,27.02859744,26.8100472,26.54691986,26.33972239,26.12447502,26.04262073,25.92243644,25.6873654,25.47832643,25.12755717,24.82057197,24.54869676,24.34722005,24.10242813,23.78686228,23.62605866,23.47731195,,,
Liechtenstein,LIE,"Mortality from CVD, cancer, diabetes or CRD between exact ages 30 and 70 (%)",SH.DYN.NCOM.ZS,,,,,,,,,,,,,,,,,,,,,,,,,,,,,,,,,,,,,,,,,,,,,,,,,,,,,,,,,,,,,,,
Sri Lanka,LKA,"Mortality from CVD, cancer, diabetes or CRD between exact ages 30 and 70 (%)",SH.DYN.NCOM.ZS,,,,,,,,,,,,,,,,,,,,,,,,,,,,,,,,,,,,,,,,,19.2,18.6,17.7,17.8,17.4,18.7,17.3,16.9,16.9,17.2,17,15.7,15.2,15.2,14.9,14.6,14.3,13.9,13.6,13.2,,,
Lower middle income,LMC,"Mortality from CVD, cancer, diabetes or CRD between exact ages 30 and 70 (%)",SH.DYN.NCOM.ZS,,,,,,,,,,,,,,,,,,,,,,,,,,,,,,,,,,,,,,,,,25.4397138,25.31061302,25.16765954,24.82583998,24.15474166,24.16585854,24.23109432,24.26913617,24.23642118,24.0142829,24.07275314,23.94523303,23.79122107,23.20510374,22.79854833,22.99515673,22.8571176,22.52526607,22.3754988,22.2172335,,,
Low & middle income,LMY,"Mortality from CVD, cancer, diabetes or CRD between exact ages 30 and 70 (%)",SH.DYN.NCOM.ZS,,,,,,,,,,,,,,,,,,,,,,,,,,,,,,,,,,,,,,,,,24.75055715,24.48182265,24.39359992,24.17752258,23.71121829,23.40520478,22.93181546,22.60026699,22.43631278,22.16505253,22.0357778,21.76524369,21.4598843,20.92551303,20.62169218,20.53005552,20.42856783,20.0845839,19.88949893,19.72519343,,,
Lesotho,LSO,"Mortality from CVD, cancer, diabetes or CRD between exact ages 30 and 70 (%)",SH.DYN.NCOM.ZS,,,,,,,,,,,,,,,,,,,,,,,,,,,,,,,,,,,,,,,,,32.2,31.9,33.3,35.3,36.1,36.5,39.1,40.1,42.5,42.9,43.2,43.9,45.7,47.3,48.1,47.9,46.3,44.2,43.4,42.7,,,
Late-demographic dividend,LTE,"Mortality from CVD, cancer, diabetes or CRD between exact ages 30 and 70 (%)",SH.DYN.NCOM.ZS,,,,,,,,,,,,,,,,,,,,,,,,,,,,,,,,,,,,,,,,,24.04231731,23.67912002,23.62108591,23.52152081,23.22850832,22.62879174,21.6197518,20.94808556,20.62627704,20.25465082,19.92226045,19.50357779,19.04582441,18.5109933,18.22932421,17.8145718,17.69596411,17.29575695,17.01869046,16.81557906,,,
Lithuania,LTU,"Mortality from CVD, cancer, diabetes or CRD between exact ages 30 and 70 (%)",SH.DYN.NCOM.ZS,,,,,,,,,,,,,,,,,,,,,,,,,,,,,,,,,,,,,,,,,24.2,24.5,24.6,24.5,24.9,25.7,26.4,26.6,25.2,24.4,23.7,23.7,22.9,22.2,21.4,22.2,21.4,19.8,19.8,19.3,,,
Luxembourg,LUX,"Mortality from CVD, cancer, diabetes or CRD between exact ages 30 and 70 (%)",SH.DYN.NCOM.ZS,,,,,,,,,,,,,,,,,,,,,,,,,,,,,,,,,,,,,,,,,15.2,15,14.5,14.2,13.9,13.6,13,12.4,12.2,11.9,11.8,11.3,10.8,10.4,10,9.7,9.5,9.6,9.6,9.7,,,
Latvia,LVA,"Mortality from CVD, cancer, diabetes or CRD between exact ages 30 and 70 (%)",SH.DYN.NCOM.ZS,,,,,,,,,,,,,,,,,,,,,,,,,,,,,,,,,,,,,,,,,27.9,29.1,28.9,28.2,28.1,28.4,29.1,28.6,27.2,26,26,25.2,24.1,23.5,23.2,22,22,22.3,22.2,21.6,,,
"Macao SAR, China",MAC,"Mortality from CVD, cancer, diabetes or CRD between exact ages 30 and 70 (%)",SH.DYN.NCOM.ZS,,,,,,,,,,,,,,,,,,,,,,,,,,,,,,,,,,,,,,,,,,,,,,,,,,,,,,,,,,,,,,,
St. Martin (French part),MAF,"Mortality from CVD, cancer, diabetes or CRD between exact ages 30 and 70 (%)",SH.DYN.NCOM.ZS,,,,,,,,,,,,,,,,,,,,,,,,,,,,,,,,,,,,,,,,,,,,,,,,,,,,,,,,,,,,,,,
Morocco,MAR,"Mortality from CVD, cancer, diabetes or CRD between exact ages 30 and 70 (%)",SH.DYN.NCOM.ZS,,,,,,,,,,,,,,,,,,,,,,,,,,,,,,,,,,,,,,,,,25.8,25.5,25,25.2,25.1,25,24.9,25,24.8,24.6,24.4,24.3,24.2,24.7,24.5,24.4,24.3,24.2,24.2,24.1,,,
Monaco,MCO,"Mortality from CVD, cancer, diabetes or CRD between exact ages 30 and 70 (%)",SH.DYN.NCOM.ZS,,,,,,,,,,,,,,,,,,,,,,,,,,,,,,,,,,,,,,,,,,,,,,,,,,,,,,,,,,,,,,,
Moldova,MDA,"Mortality from CVD, cancer, diabetes or CRD between exact ages 30 and 70 (%)",SH.DYN.NCOM.ZS,,,,,,,,,,,,,,,,,,,,,,,,,,,,,,,,,,,,,,,,,33,31,31.9,32,31.4,32.3,31.2,30.1,29.2,29.6,29.9,27,26.2,25.2,25.6,26.6,25.9,24.4,24.5,24.1,,,
Madagascar,MDG,"Mortality from CVD, cancer, diabetes or CRD between exact ages 30 and 70 (%)",SH.DYN.NCOM.ZS,,,,,,,,,,,,,,,,,,,,,,,,,,,,,,,,,,,,,,,,,28.7,28.3,28.8,29.3,29.2,28.6,28.4,28,27.9,27.8,27.7,27.6,27.2,27,27.1,26.6,26.5,26.2,26.1,26,,,
Maldives,MDV,"Mortality from CVD, cancer, diabetes or CRD between exact ages 30 and 70 (%)",SH.DYN.NCOM.ZS,,,,,,,,,,,,,,,,,,,,,,,,,,,,,,,,,,,,,,,,,25.7,25.1,24,23.3,21.7,20.7,19.7,18.8,18,17.3,16.5,15.5,14.6,13.9,13.1,12.7,12.3,12.2,11.8,11.6,,,
Middle East & North Africa,MEA,"Mortality from CVD, cancer, diabetes or CRD between exact ages 30 and 70 (%)",SH.DYN.NCOM.ZS,,,,,,,,,,,,,,,,,,,,,,,,,,,,,,,,,,,,,,,,,23.85350254,23.80516421,23.6755057,23.6002161,23.28875245,22.99534194,22.83996364,22.57955413,22.42376141,22.2379156,21.92144325,21.55133321,21.59609894,21.21288775,21.11978913,21.26599327,20.87574546,20.5201845,20.42809666,20.30041939,,,
Mexico,MEX,"Mortality from CVD, cancer, diabetes or CRD between exact ages 30 and 70 (%)",SH.DYN.NCOM.ZS,,,,,,,,,,,,,,,,,,,,,,,,,,,,,,,,,,,,,,,,,16.7,16.5,17,17.1,16.7,16.7,16.4,16.1,16.4,16.1,15.9,15.4,15.5,15.2,15.6,15.7,16,15.7,15.6,15.6,,,
Marshall Islands,MHL,"Mortality from CVD, cancer, diabetes or CRD between exact ages 30 and 70 (%)",SH.DYN.NCOM.ZS,,,,,,,,,,,,,,,,,,,,,,,,,,,,,,,,,,,,,,,,,,,,,,,,,,,,,,,,,,,,,,,
Middle income,MIC,"Mortality from CVD, cancer, diabetes or CRD between exact ages 30 and 70 (%)",SH.DYN.NCOM.ZS,,,,,,,,,,,,,,,,,,,,,,,,,,,,,,,,,,,,,,,,,24.54587517,24.29187339,24.21333891,24.00187275,23.52274685,23.21731798,22.72926514,22.39403902,22.22501274,21.94567649,21.82189209,21.54399814,21.23624669,20.6822222,20.37318749,20.28564443,20.18862452,19.83399896,19.62955072,19.45817897,,,
North Macedonia,MKD,"Mortality from CVD, cancer, diabetes or CRD between exact ages 30 and 70 (%)",SH.DYN.NCOM.ZS,,,,,,,,,,,,,,,,,,,,,,,,,,,,,,,,,,,,,,,,,30.2,29.8,30.2,29.2,28.1,28.3,28.8,28.7,27.4,27.2,26.6,26.6,25.7,24.8,24.9,24.5,24,23.6,23.2,22.7,,,
Mali,MLI,"Mortality from CVD, cancer, diabetes or CRD between exact ages 30 and 70 (%)",SH.DYN.NCOM.ZS,,,,,,,,,,,,,,,,,,,,,,,,,,,,,,,,,,,,,,,,,25,24.6,24.4,24.1,23.9,23.9,23.7,23.8,23.9,23.9,23.7,23.5,23.5,23.5,23.5,23.3,23.1,22.7,22.6,22.3,,,
Malta,MLT,"Mortality from CVD, cancer, diabetes or CRD between exact ages 30 and 70 (%)",SH.DYN.NCOM.ZS,,,,,,,,,,,,,,,,,,,,,,,,,,,,,,,,,,,,,,,,,15.8,15.2,14.4,13.9,13.4,13.2,13,12.8,12.4,12.1,11.8,11.5,11.1,10.9,10.8,10.7,10.6,10.5,10.5,10.5,,,
Myanmar,MMR,"Mortality from CVD, cancer, diabetes or CRD between exact ages 30 and 70 (%)",SH.DYN.NCOM.ZS,,,,,,,,,,,,,,,,,,,,,,,,,,,,,,,,,,,,,,,,,32.2,31.9,31.8,31.8,32.1,31.6,31.5,30.7,29.6,29,28.3,28,27.4,26.8,26.5,26.1,25.9,25.3,25.2,24.9,,,
Middle East & North Africa (excluding high income),MNA,"Mortality from CVD, cancer, diabetes or CRD between exact ages 30 and 70 (%)",SH.DYN.NCOM.ZS,,,,,,,,,,,,,,,,,,,,,,,,,,,,,,,,,,,,,,,,,23.93870319,23.92912599,23.79058119,23.71239125,23.40456371,23.04626531,22.86613148,22.569153,22.41409017,22.26573503,21.95115426,21.62673558,21.77190368,21.41789919,21.41723855,21.66928254,21.30207339,20.94504147,20.91936937,20.82222804,,,
Montenegro,MNE,"Mortality from CVD, cancer, diabetes or CRD between exact ages 30 and 70 (%)",SH.DYN.NCOM.ZS,,,,,,,,,,,,,,,,,,,,,,,,,,,,,,,,,,,,,,,,,24.8,25.2,25.6,25.9,25.9,25.8,25.6,24.8,24.3,24.1,23.6,23.6,23.1,22.7,22.7,22.8,22.8,22.8,22.5,22.3,,,
Mongolia,MNG,"Mortality from CVD, cancer, diabetes or CRD between exact ages 30 and 70 (%)",SH.DYN.NCOM.ZS,,,,,,,,,,,,,,,,,,,,,,,,,,,,,,,,,,,,,,,,,46.4,46.6,46.1,45.3,44.3,43.6,42.6,41.5,40.8,41.4,41.6,40.9,38.5,37.4,36.5,36.1,35.8,35.4,35.2,35,,,
Northern Mariana Islands,MNP,"Mortality from CVD, cancer, diabetes or CRD between exact ages 30 and 70 (%)",SH.DYN.NCOM.ZS,,,,,,,,,,,,,,,,,,,,,,,,,,,,,,,,,,,,,,,,,,,,,,,,,,,,,,,,,,,,,,,
Mozambique,MOZ,"Mortality from CVD, cancer, diabetes or CRD between exact ages 30 and 70 (%)",SH.DYN.NCOM.ZS,,,,,,,,,,,,,,,,,,,,,,,,,,,,,,,,,,,,,,,,,28.9,28.6,28.6,28.7,29,29.4,29.7,29.9,30.7,31.6,32.3,32.8,33.3,33.1,32.4,31.8,31.3,30.9,30.8,30.6,,,
Mauritania,MRT,"Mortality from CVD, cancer, diabetes or CRD between exact ages 30 and 70 (%)",SH.DYN.NCOM.ZS,,,,,,,,,,,,,,,,,,,,,,,,,,,,,,,,,,,,,,,,,18.7,18.3,18,17.6,17.8,17.1,17.1,17.1,16.6,16.6,16.4,16,16.5,16.2,16.1,15.9,15.9,15.9,16,16.1,,,
Mauritius,MUS,"Mortality from CVD, cancer, diabetes or CRD between exact ages 30 and 70 (%)",SH.DYN.NCOM.ZS,,,,,,,,,,,,,,,,,,,,,,,,,,,,,,,,,,,,,,,,,29.1,28.9,28.8,28.3,28.3,27.8,26.8,27,25.9,25.2,24.4,24.1,24.1,23.6,23.4,23.5,23.2,23.1,23.2,23.2,,,
Malawi,MWI,"Mortality from CVD, cancer, diabetes or CRD between exact ages 30 and 70 (%)",SH.DYN.NCOM.ZS,,,,,,,,,,,,,,,,,,,,,,,,,,,,,,,,,,,,,,,,,31.4,30.4,29.4,28.8,28.4,27.6,27.8,27.9,27.6,27.7,27.6,26.4,25.4,24.6,24.3,24,23.7,23.4,22.9,22.6,,,
Malaysia,MYS,"Mortality from CVD, cancer, diabetes or CRD between exact ages 30 and 70 (%)",SH.DYN.NCOM.ZS,,,,,,,,,,,,,,,,,,,,,,,,,,,,,,,,,,,,,,,,,23.2,22,21.5,21.7,21.1,20.4,20,19.6,19.7,19.5,18.9,18.6,18.2,17.4,17.7,17.7,18,18.1,18.1,18.4,,,
North America,NAC,"Mortality from CVD, cancer, diabetes or CRD between exact ages 30 and 70 (%)",SH.DYN.NCOM.ZS,,,,,,,,,,,,,,,,,,,,,,,,,,,,,,,,,,,,,,,,,17.71761593,17.22772087,16.93746449,16.63703099,16.05744218,15.74672886,15.34606532,15.06636108,14.85541672,14.54439809,14.14386269,13.93279609,13.83166425,13.63027161,13.52943718,13.51951969,13.61903719,13.40765544,13.19554315,13.17247105,,,
Namibia,NAM,"Mortality from CVD, cancer, diabetes or CRD between exact ages 30 and 70 (%)",SH.DYN.NCOM.ZS,,,,,,,,,,,,,,,,,,,,,,,,,,,,,,,,,,,,,,,,,31.3,30.7,30.6,30,28.9,29.7,29.4,28.5,26.6,26,25.6,24.4,23.5,23.4,24,24.7,23.9,23.8,22.8,22.6,,,
New Caledonia,NCL,"Mortality from CVD, cancer, diabetes or CRD between exact ages 30 and 70 (%)",SH.DYN.NCOM.ZS,,,,,,,,,,,,,,,,,,,,,,,,,,,,,,,,,,,,,,,,,,,,,,,,,,,,,,,,,,,,,,,
Niger,NER,"Mortality from CVD, cancer, diabetes or CRD between exact ages 30 and 70 (%)",SH.DYN.NCOM.ZS,,,,,,,,,,,,,,,,,,,,,,,,,,,,,,,,,,,,,,,,,21.6,21.9,21.7,22.1,21.6,21.8,21.6,21.6,21.3,21.3,21.4,21.4,21.5,21.5,21.5,21.5,21.4,21.3,21.1,21,,,
Nigeria,NGA,"Mortality from CVD, cancer, diabetes or CRD between exact ages 30 and 70 (%)",SH.DYN.NCOM.ZS,,,,,,,,,,,,,,,,,,,,,,,,,,,,,,,,,,,,,,,,,21.9,21.9,21.6,21.4,21.2,20.7,20.3,20,19.6,19.2,18.8,18.7,18.5,18.3,18,17.8,17.6,17.3,17.1,16.9,,,
Nicaragua,NIC,"Mortality from CVD, cancer, diabetes or CRD between exact ages 30 and 70 (%)",SH.DYN.NCOM.ZS,,,,,,,,,,,,,,,,,,,,,,,,,,,,,,,,,,,,,,,,,15.3,15.4,16.1,15.8,15.8,16.5,14.6,15.7,16.1,16,15.4,15.7,16,15.9,16,15,15.8,15.6,15.6,15.3,,,
Netherlands,NLD,"Mortality from CVD, cancer, diabetes or CRD between exact ages 30 and 70 (%)",SH.DYN.NCOM.ZS,,,,,,,,,,,,,,,,,,,,,,,,,,,,,,,,,,,,,,,,,16.5,15.9,15.8,15.1,14.6,14,13.5,13.2,13,12.7,12.6,12.2,12,11.6,11.1,11.2,11.1,10.6,10.4,10.3,,,
Norway,NOR,"Mortality from CVD, cancer, diabetes or CRD between exact ages 30 and 70 (%)",SH.DYN.NCOM.ZS,,,,,,,,,,,,,,,,,,,,,,,,,,,,,,,,,,,,,,,,,14.3,14,13.9,13.1,12.7,12.3,12,12,11.7,11.3,11.3,10.8,10.7,10.5,9.9,9.5,9.5,9.2,8.9,8.7,,,
Nepal,NPL,"Mortality from CVD, cancer, diabetes or CRD between exact ages 30 and 70 (%)",SH.DYN.NCOM.ZS,,,,,,,,,,,,,,,,,,,,,,,,,,,,,,,,,,,,,,,,,19.2,18.8,18,18.1,18.1,18.4,18.8,19,19.4,20,20.2,20.8,21.1,21.3,21.5,21.5,21.3,21.4,21.5,21.5,,,
Nauru,NRU,"Mortality from CVD, cancer, diabetes or CRD between exact ages 30 and 70 (%)",SH.DYN.NCOM.ZS,,,,,,,,,,,,,,,,,,,,,,,,,,,,,,,,,,,,,,,,,,,,,,,,,,,,,,,,,,,,,,,
New Zealand,NZL,"Mortality from CVD, cancer, diabetes or CRD between exact ages 30 and 70 (%)",SH.DYN.NCOM.ZS,,,,,,,,,,,,,,,,,,,,,,,,,,,,,,,,,,,,,,,,,15.9,15.8,15.2,14.6,14.3,13.3,13.1,13,12.3,12,11.8,11.9,11.4,11,10.8,10.9,10.8,10.9,10.4,10.3,,,
OECD members,OED,"Mortality from CVD, cancer, diabetes or CRD between exact ages 30 and 70 (%)",SH.DYN.NCOM.ZS,,,,,,,,,,,,,,,,,,,,,,,,,,,,,,,,,,,,,,,,,16.32225928,15.86867576,15.59507742,15.33280635,14.84223783,14.56289577,14.19062938,13.95551543,13.71367154,13.50393429,13.2274386,12.96200904,12.8010057,12.58208747,12.41920769,12.41698531,12.34647174,12.1375806,11.94860198,11.83488215,,,
Oman,OMN,"Mortality from CVD, cancer, diabetes or CRD between exact ages 30 and 70 (%)",SH.DYN.NCOM.ZS,,,,,,,,,,,,,,,,,,,,,,,,,,,,,,,,,,,,,,,,,34.9,34.6,34.4,34.2,33.7,34,34.3,33.9,34,33.4,32.7,30.8,30.1,27.1,24.5,23.8,22.8,22.5,21.7,21.5,,,
Other small states,OSS,"Mortality from CVD, cancer, diabetes or CRD between exact ages 30 and 70 (%)",SH.DYN.NCOM.ZS,,,,,,,,,,,,,,,,,,,,,,,,,,,,,,,,,,,,,,,,,27.06457946,26.84262155,26.64866291,26.51243817,26.15170969,25.81171684,25.49973051,25.01137479,24.50785304,23.94868332,23.39437121,22.96395469,22.59430586,22.26080814,22.13625438,21.7210969,21.28913814,20.8636903,20.63477539,20.26519655,,,
Pakistan,PAK,"Mortality from CVD, cancer, diabetes or CRD between exact ages 30 and 70 (%)",SH.DYN.NCOM.ZS,,,,,,,,,,,,,,,,,,,,,,,,,,,,,,,,,,,,,,,,,33.5,33.6,33.7,33.7,33.5,33.3,33.1,32.7,32.4,32,31.8,31.5,31.3,31.1,30.9,30.7,30.4,30.1,29.8,29.4,,,
Panama,PAN,"Mortality from CVD, cancer, diabetes or CRD between exact ages 30 and 70 (%)",SH.DYN.NCOM.ZS,,,,,,,,,,,,,,,,,,,,,,,,,,,,,,,,,,,,,,,,,12.4,12.2,12.4,12.5,12.3,12.1,12.2,11.5,11.5,11.6,11.5,11.5,11.8,11.5,11.5,11.3,10.7,11.1,10.8,10.7,,,
Peru,PER,"Mortality from CVD, cancer, diabetes or CRD between exact ages 30 and 70 (%)",SH.DYN.NCOM.ZS,,,,,,,,,,,,,,,,,,,,,,,,,,,,,,,,,,,,,,,,,12.1,11.5,11.5,11.5,11,10.8,10.5,10.1,10.3,11.6,11.8,11.6,11.2,10.9,10.5,10.1,10,9.9,9.8,9.7,,,
Philippines,PHL,"Mortality from CVD, cancer, diabetes or CRD between exact ages 30 and 70 (%)",SH.DYN.NCOM.ZS,,,,,,,,,,,,,,,,,,,,,,,,,,,,,,,,,,,,,,,,,23.1,23.8,24.4,24,24.2,24.3,25,24.6,24.6,24.8,24.4,24.2,24.8,24.8,24,24.6,24.6,24.6,24.6,24.5,,,
Palau,PLW,"Mortality from CVD, cancer, diabetes or CRD between exact ages 30 and 70 (%)",SH.DYN.NCOM.ZS,,,,,,,,,,,,,,,,,,,,,,,,,,,,,,,,,,,,,,,,,,,,,,,,,,,,,,,,,,,,,,,
Papua New Guinea,PNG,"Mortality from CVD, cancer, diabetes or CRD between exact ages 30 and 70 (%)",SH.DYN.NCOM.ZS,,,,,,,,,,,,,,,,,,,,,,,,,,,,,,,,,,,,,,,,,31.4,32.7,32.6,33.8,34.6,35,35.2,35.7,35.5,34.9,35.4,35.4,36.2,36.1,36.4,36.4,36.3,35.9,35.9,36,,,
Poland,POL,"Mortality from CVD, cancer, diabetes or CRD between exact ages 30 and 70 (%)",SH.DYN.NCOM.ZS,,,,,,,,,,,,,,,,,,,,,,,,,,,,,,,,,,,,,,,,,25,24.3,23.4,23.2,22.9,22.5,22.4,22.2,21.6,21.5,20.6,20,20.1,19.7,19,19.4,18.6,18.2,17.4,17,,,
Pre-demographic dividend,PRE,"Mortality from CVD, cancer, diabetes or CRD between exact ages 30 and 70 (%)",SH.DYN.NCOM.ZS,,,,,,,,,,,,,,,,,,,,,,,,,,,,,,,,,,,,,,,,,26.20433557,25.94590728,25.66330966,25.5600971,25.3712714,25.10777344,24.94164399,24.65411831,24.43717947,24.24457617,24.00514222,23.82725559,23.57159026,23.33299969,22.97065111,22.68456184,22.48854,22.2280467,22.11994224,21.9807436,,,
Puerto Rico,PRI,"Mortality from CVD, cancer, diabetes or CRD between exact ages 30 and 70 (%)",SH.DYN.NCOM.ZS,,,,,,,,,,,,,,,,,,,,,,,,,,,,,,,,,,,,,,,,,,,,,,,,,,,,,,,,,,,,,,,
"Korea, Dem. People's Rep.",PRK,"Mortality from CVD, cancer, diabetes or CRD between exact ages 30 and 70 (%)",SH.DYN.NCOM.ZS,,,,,,,,,,,,,,,,,,,,,,,,,,,,,,,,,,,,,,,,,24.1,24,24.5,23.8,23.5,23.2,23.2,23.9,25.1,25.3,25.8,26,25.8,25.8,25.9,26.1,25.8,24.9,23.9,23.9,,,
Portugal,PRT,"Mortality from CVD, cancer, diabetes or CRD between exact ages 30 and 70 (%)",SH.DYN.NCOM.ZS,,,,,,,,,,,,,,,,,,,,,,,,,,,,,,,,,,,,,,,,,15.8,15.5,15,14.8,14,14.2,13.5,13.1,12.9,12.7,12.4,12.2,12.1,11.8,11.5,11.5,11.5,11.3,11.4,11,,,
Paraguay,PRY,"Mortality from CVD, cancer, diabetes or CRD between exact ages 30 and 70 (%)",SH.DYN.NCOM.ZS,,,,,,,,,,,,,,,,,,,,,,,,,,,,,,,,,,,,,,,,,16.8,16,16.1,16.7,17.4,17.2,17.5,17.3,16.9,17.3,17.3,16.5,16.2,16.1,15.8,16,16.3,16.5,16.2,16,,,
West Bank and Gaza,PSE,"Mortality from CVD, cancer, diabetes or CRD between exact ages 30 and 70 (%)",SH.DYN.NCOM.ZS,,,,,,,,,,,,,,,,,,,,,,,,,,,,,,,,,,,,,,,,,,,,,,,,,,,,,,,,,,,,,,,
Pacific island small states,PSS,"Mortality from CVD, cancer, diabetes or CRD between exact ages 30 and 70 (%)",SH.DYN.NCOM.ZS,,,,,,,,,,,,,,,,,,,,,,,,,,,,,,,,,,,,,,,,,40.35065782,39.64154551,39.06202833,39.36175924,38.24306217,38.74358741,38.7828711,39.72048966,40.14206101,39.75424398,39.4863291,39.38001191,39.2171077,39.05225058,39.02043167,38.87328437,38.63850163,38.49068586,38.48928843,38.25421968,,,
Post-demographic dividend,PST,"Mortality from CVD, cancer, diabetes or CRD between exact ages 30 and 70 (%)",SH.DYN.NCOM.ZS,,,,,,,,,,,,,,,,,,,,,,,,,,,,,,,,,,,,,,,,,16.9831042,16.51419062,16.24116216,15.94805992,15.47282955,15.23338063,14.75674186,14.52631842,14.23942132,13.87680616,13.55824042,13.28704506,13.08023609,12.82703238,12.64688436,12.56129259,12.48901699,12.2658283,12.14601542,12.01585858,,,
French Polynesia,PYF,"Mortality from CVD, cancer, diabetes or CRD between exact ages 30 and 70 (%)",SH.DYN.NCOM.ZS,,,,,,,,,,,,,,,,,,,,,,,,,,,,,,,,,,,,,,,,,,,,,,,,,,,,,,,,,,,,,,,
Qatar,QAT,"Mortality from CVD, cancer, diabetes or CRD between exact ages 30 and 70 (%)",SH.DYN.NCOM.ZS,,,,,,,,,,,,,,,,,,,,,,,,,,,,,,,,,,,,,,,,,27.6,26.4,26.4,25.4,23.8,23,22.1,21.4,20,18.7,17.3,16,14.9,13.7,12.8,11.7,11.2,10.8,10.8,10.7,,,
Romania,ROU,"Mortality from CVD, cancer, diabetes or CRD between exact ages 30 and 70 (%)",SH.DYN.NCOM.ZS,,,,,,,,,,,,,,,,,,,,,,,,,,,,,,,,,,,,,,,,,26.5,26.7,27.2,26.8,25.7,25.5,24.8,24.1,23.7,23.7,23.1,22.1,22,21.4,21.7,21.7,21.6,21.5,21.7,21,,,
Russian Federation,RUS,"Mortality from CVD, cancer, diabetes or CRD between exact ages 30 and 70 (%)",SH.DYN.NCOM.ZS,,,,,,,,,,,,,,,,,,,,,,,,,,,,,,,,,,,,,,,,,36.9,37.5,38.4,38.3,37.4,37.3,34.6,32.8,32.8,31.6,30.9,29.1,27.7,26.8,28.4,26.4,27,25.4,25.3,24.2,,,
Rwanda,RWA,"Mortality from CVD, cancer, diabetes or CRD between exact ages 30 and 70 (%)",SH.DYN.NCOM.ZS,,,,,,,,,,,,,,,,,,,,,,,,,,,,,,,,,,,,,,,,,36.7,34.1,31.8,29.5,27.5,26,25,24.2,23.4,22.5,22,21.5,21.2,20.8,20.8,20.6,20.4,20.3,20.3,20.2,,,
South Asia,SAS,"Mortality from CVD, cancer, diabetes or CRD between exact ages 30 and 70 (%)",SH.DYN.NCOM.ZS,,,,,,,,,,,,,,,,,,,,,,,,,,,,,,,,,,,,,,,,,25.69643814,25.50678687,25.27055256,24.72919135,23.60682123,23.65340245,23.88682084,24.04851749,24.11537922,23.95713167,24.27315278,24.27443543,24.02565883,23.19175606,22.60262759,23.02570791,22.97781301,22.65825797,22.48178909,22.36507241,,,
Saudi Arabia,SAU,"Mortality from CVD, cancer, diabetes or CRD between exact ages 30 and 70 (%)",SH.DYN.NCOM.ZS,,,,,,,,,,,,,,,,,,,,,,,,,,,,,,,,,,,,,,,,,25.5,25.5,25.6,25.8,25.6,25.8,26.1,26.2,26.2,26,25.7,25,24.3,23.8,23.3,22.9,22.3,21.8,21.3,20.9,,,
Sudan,SDN,"Mortality from CVD, cancer, diabetes or CRD between exact ages 30 and 70 (%)",SH.DYN.NCOM.ZS,,,,,,,,,,,,,,,,,,,,,,,,,,,,,,,,,,,,,,,,,26.1,25.9,25.7,25.3,24.8,24.6,24.3,24.1,24,24.2,23.6,24.3,23.8,23.8,23.5,23.3,23.2,23.1,23,22.8,,,
Senegal,SEN,"Mortality from CVD, cancer, diabetes or CRD between exact ages 30 and 70 (%)",SH.DYN.NCOM.ZS,,,,,,,,,,,,,,,,,,,,,,,,,,,,,,,,,,,,,,,,,22.2,22.5,22.3,22,21.9,21.7,21.3,21,21.1,20.9,20.6,20.5,20.5,20.5,20.5,20.3,20.1,19.9,19.7,19.5,,,
Singapore,SGP,"Mortality from CVD, cancer, diabetes or CRD between exact ages 30 and 70 (%)",SH.DYN.NCOM.ZS,,,,,,,,,,,,,,,,,,,,,,,,,,,,,,,,,,,,,,,,,16.5,16.1,15.3,14.2,13.5,13.1,12.5,12.5,12.5,11.3,11,11,10.7,10.3,9.8,9.9,9.7,9.5,9.3,9.5,,,
Solomon Islands,SLB,"Mortality from CVD, cancer, diabetes or CRD between exact ages 30 and 70 (%)",SH.DYN.NCOM.ZS,,,,,,,,,,,,,,,,,,,,,,,,,,,,,,,,,,,,,,,,,34.7,34.6,34.8,36.1,33.8,35,34.6,38.7,40.6,40.7,40.4,40.6,40.4,40.2,40.3,40,39.5,39.3,39.7,39.2,,,
Sierra Leone,SLE,"Mortality from CVD, cancer, diabetes or CRD between exact ages 30 and 70 (%)",SH.DYN.NCOM.ZS,,,,,,,,,,,,,,,,,,,,,,,,,,,,,,,,,,,,,,,,,23,23.5,24,24.3,24.3,24.3,25.3,25.4,25.6,25.7,25.8,25.4,25.2,24.5,23.6,23.4,23.7,23.7,23.7,23.5,,,
El Salvador,SLV,"Mortality from CVD, cancer, diabetes or CRD between exact ages 30 and 70 (%)",SH.DYN.NCOM.ZS,,,,,,,,,,,,,,,,,,,,,,,,,,,,,,,,,,,,,,,,,10.5,10.8,10.2,10.4,10.2,10.4,10.7,10.7,10.4,10.5,10.5,10.8,10.7,10.9,10.9,10.8,10.4,10.7,10.7,10.7,,,
San Marino,SMR,"Mortality from CVD, cancer, diabetes or CRD between exact ages 30 and 70 (%)",SH.DYN.NCOM.ZS,,,,,,,,,,,,,,,,,,,,,,,,,,,,,,,,,,,,,,,,,,,,,,,,,,,,,,,,,,,,,,,
Somalia,SOM,"Mortality from CVD, cancer, diabetes or CRD between exact ages 30 and 70 (%)",SH.DYN.NCOM.ZS,,,,,,,,,,,,,,,,,,,,,,,,,,,,,,,,,,,,,,,,,33,32.6,32.5,32.6,32.7,32.5,32,32,32.3,32.2,31.7,31.7,31.6,31.4,31.4,31.2,30.9,30.8,30.7,30.4,,,
Serbia,SRB,"Mortality from CVD, cancer, diabetes or CRD between exact ages 30 and 70 (%)",SH.DYN.NCOM.ZS,,,,,,,,,,,,,,,,,,,,,,,,,,,,,,,,,,,,,,,,,29.5,28.1,28.2,28,27.7,27.2,26.4,25.8,25.1,24.8,24.6,23.2,22.7,22.2,22.1,22.2,21.8,22.7,22,22,,,
Sub-Saharan Africa (excluding high income),SSA,"Mortality from CVD, cancer, diabetes or CRD between exact ages 30 and 70 (%)",SH.DYN.NCOM.ZS,,,,,,,,,,,,,,,,,,,,,,,,,,,,,,,,,,,,,,,,,26.44724886,26.09133172,25.79135669,25.6241949,25.375219,25.13198352,24.95326284,24.69858597,24.51921229,24.27334638,23.94844059,23.62940355,23.28285996,23.00072313,22.70100163,22.47874311,22.23970203,21.91487783,21.61502261,21.3647692,,,
South Sudan,SSD,"Mortality from CVD, cancer, diabetes or CRD between exact ages 30 and 70 (%)",SH.DYN.NCOM.ZS,,,,,,,,,,,,,,,,,,,,,,,,,,,,,,,,,,,,,,,,,19.1,18.3,17.8,17.8,17.7,17.4,17.3,17.2,16.9,16.7,16.6,16.5,16.8,16.2,15.9,16.2,16.5,16.2,16.8,16.8,,,
Sub-Saharan Africa,SSF,"Mortality from CVD, cancer, diabetes or CRD between exact ages 30 and 70 (%)",SH.DYN.NCOM.ZS,,,,,,,,,,,,,,,,,,,,,,,,,,,,,,,,,,,,,,,,,26.44682644,26.09092456,25.79101436,25.62399601,25.37501397,25.13173489,24.95299063,24.69830855,24.51894671,24.27297094,23.9479605,23.62891401,23.28243401,23.00028079,22.70062768,22.47848698,22.23955128,21.91474869,21.61492664,21.36472854,,,
Small states,SST,"Mortality from CVD, cancer, diabetes or CRD between exact ages 30 and 70 (%)",SH.DYN.NCOM.ZS,,,,,,,,,,,,,,,,,,,,,,,,,,,,,,,,,,,,,,,,,26.99931113,26.66528116,26.34630523,26.20663271,25.80896975,25.32926565,25.02183574,24.78080325,24.63827258,24.21923316,23.57066678,23.29199071,22.77284169,22.48307619,22.46326591,22.13685492,21.76101426,21.38820115,21.20006251,20.9017377,,,
Sao Tome and Principe,STP,"Mortality from CVD, cancer, diabetes or CRD between exact ages 30 and 70 (%)",SH.DYN.NCOM.ZS,,,,,,,,,,,,,,,,,,,,,,,,,,,,,,,,,,,,,,,,,22,22.7,22.4,19.6,20.1,21.3,21.2,22.4,22.1,22,21.4,21.1,21.8,21.5,21.6,21.1,21.1,21.4,21.1,21,,,
Suriname,SUR,"Mortality from CVD, cancer, diabetes or CRD between exact ages 30 and 70 (%)",SH.DYN.NCOM.ZS,,,,,,,,,,,,,,,,,,,,,,,,,,,,,,,,,,,,,,,,,24,24.6,24.6,24.1,23.4,22.7,22,21.5,21,20.9,20.7,20.4,20.3,20.3,20.3,20.6,21.1,21.6,22.4,22.7,,,
Slovak Republic,SVK,"Mortality from CVD, cancer, diabetes or CRD between exact ages 30 and 70 (%)",SH.DYN.NCOM.ZS,,,,,,,,,,,,,,,,,,,,,,,,,,,,,,,,,,,,,,,,,25.4,25.1,24.2,23.9,23.1,23,22.4,22.4,21.4,21.1,20.5,19.7,18.8,18.9,18.2,17.5,17,16.5,16,15.5,,,
Slovenia,SVN,"Mortality from CVD, cancer, diabetes or CRD between exact ages 30 and 70 (%)",SH.DYN.NCOM.ZS,,,,,,,,,,,,,,,,,,,,,,,,,,,,,,,,,,,,,,,,,18.5,18.5,17.6,17.7,16.7,16.1,15.6,15.1,14.2,14.2,13.5,13.3,13.1,13,12.4,12.8,12.1,12.3,12.1,11.4,,,
Sweden,SWE,"Mortality from CVD, cancer, diabetes or CRD between exact ages 30 and 70 (%)",SH.DYN.NCOM.ZS,,,,,,,,,,,,,,,,,,,,,,,,,,,,,,,,,,,,,,,,,13.2,12.9,12.7,12.3,12,11.8,11.4,11.2,11.1,10.6,10.4,10.1,9.8,9.8,9.1,9.2,9.1,9,8.5,8.4,,,
Eswatini,SWZ,"Mortality from CVD, cancer, diabetes or CRD between exact ages 30 and 70 (%)",SH.DYN.NCOM.ZS,,,,,,,,,,,,,,,,,,,,,,,,,,,,,,,,,,,,,,,,,37.9,40.1,42.7,44.5,45.7,46.5,46.8,47.9,47.8,47.3,45.8,43.9,43.4,42,39.8,38,37.1,36,35.1,35.2,,,
Sint Maarten (Dutch part),SXM,"Mortality from CVD, cancer, diabetes or CRD between exact ages 30 and 70 (%)",SH.DYN.NCOM.ZS,,,,,,,,,,,,,,,,,,,,,,,,,,,,,,,,,,,,,,,,,,,,,,,,,,,,,,,,,,,,,,,
Seychelles,SYC,"Mortality from CVD, cancer, diabetes or CRD between exact ages 30 and 70 (%)",SH.DYN.NCOM.ZS,,,,,,,,,,,,,,,,,,,,,,,,,,,,,,,,,,,,,,,,,24.1,23.8,23.9,24.5,24.2,23.7,23.4,23.1,23,22.1,21.2,20.7,20.7,20.3,20.4,20.9,21.3,21.1,21,21.1,,,
Syrian Arab Republic,SYR,"Mortality from CVD, cancer, diabetes or CRD between exact ages 30 and 70 (%)",SH.DYN.NCOM.ZS,,,,,,,,,,,,,,,,,,,,,,,,,,,,,,,,,,,,,,,,,27.3,25.7,25.3,24.1,23.7,22.8,22.1,21.7,22.1,21.5,21.2,21,21.5,21.7,21.8,21.8,21.6,22.1,22.2,22.1,,,
Turks and Caicos Islands,TCA,"Mortality from CVD, cancer, diabetes or CRD between exact ages 30 and 70 (%)",SH.DYN.NCOM.ZS,,,,,,,,,,,,,,,,,,,,,,,,,,,,,,,,,,,,,,,,,,,,,,,,,,,,,,,,,,,,,,,
Chad,TCD,"Mortality from CVD, cancer, diabetes or CRD between exact ages 30 and 70 (%)",SH.DYN.NCOM.ZS,,,,,,,,,,,,,,,,,,,,,,,,,,,,,,,,,,,,,,,,,24.6,24.7,24.7,24.9,24.6,24.4,24.3,24.6,24.5,24.6,24.7,24.7,24.6,24.3,24,23.6,23.4,23.4,23.2,22.7,,,
East Asia & Pacific (IDA & IBRD countries),TEA,"Mortality from CVD, cancer, diabetes or CRD between exact ages 30 and 70 (%)",SH.DYN.NCOM.ZS,,,,,,,,,,,,,,,,,,,,,,,,,,,,,,,,,,,,,,,,,23.40447098,23.11665187,23.12304953,23.10452942,22.9771085,22.43630769,21.63068408,21.08188407,20.7670577,20.53471515,20.28152741,20.01779217,19.71626098,19.23568736,18.83810054,18.56181046,18.40758604,18.14782471,17.9091118,17.80639622,,,
Europe & Central Asia (IDA & IBRD countries),TEC,"Mortality from CVD, cancer, diabetes or CRD between exact ages 30 and 70 (%)",SH.DYN.NCOM.ZS,,,,,,,,,,,,,,,,,,,,,,,,,,,,,,,,,,,,,,,,,31.83581107,31.64200157,31.93682372,31.70432511,31.07684856,31.05474237,29.55526176,28.61109131,28.25711465,27.37078972,26.74048721,25.5894578,24.75823042,24.06448083,24.59426017,23.60080514,23.57273696,22.7608538,22.62488168,21.98145553,,,
Togo,TGO,"Mortality from CVD, cancer, diabetes or CRD between exact ages 30 and 70 (%)",SH.DYN.NCOM.ZS,,,,,,,,,,,,,,,,,,,,,,,,,,,,,,,,,,,,,,,,,26.5,26.8,27,27.4,27.4,27.4,27.7,27.7,27.7,27.5,27.2,27,26.7,26.4,26,25.6,25,24.5,24.1,23.9,,,
Thailand,THA,"Mortality from CVD, cancer, diabetes or CRD between exact ages 30 and 70 (%)",SH.DYN.NCOM.ZS,,,,,,,,,,,,,,,,,,,,,,,,,,,,,,,,,,,,,,,,,20.2,18.3,17.9,17.4,17.4,16.8,16.4,15.7,15.3,14.9,14.9,14.6,14.3,13.9,13.9,13.8,14,13.8,13.8,13.7,,,
Tajikistan,TJK,"Mortality from CVD, cancer, diabetes or CRD between exact ages 30 and 70 (%)",SH.DYN.NCOM.ZS,,,,,,,,,,,,,,,,,,,,,,,,,,,,,,,,,,,,,,,,,28.2,28.3,28.5,28.7,28.9,29.8,30.2,30.7,30.6,30.5,30.5,30.5,30,29.2,29.3,29.5,29.9,29.7,28.8,28.3,,,
Turkmenistan,TKM,"Mortality from CVD, cancer, diabetes or CRD between exact ages 30 and 70 (%)",SH.DYN.NCOM.ZS,,,,,,,,,,,,,,,,,,,,,,,,,,,,,,,,,,,,,,,,,37.3,36.2,39.1,39.2,39.8,40.2,38.5,38.6,37.9,34.5,33.1,31.1,29.9,29.4,29.4,28.5,28.3,27.4,27.4,27.7,,,
Latin America & the Caribbean (IDA & IBRD countries),TLA,"Mortality from CVD, cancer, diabetes or CRD between exact ages 30 and 70 (%)",SH.DYN.NCOM.ZS,,,,,,,,,,,,,,,,,,,,,,,,,,,,,,,,,,,,,,,,,18.54771847,18.2080676,17.99258408,17.87614792,17.61207506,17.15806678,16.88498521,16.68078084,16.62442399,16.40866702,16.22313959,16.02865083,15.83924299,15.59820157,15.44693524,15.40279743,15.48472064,15.10099936,14.93035177,14.73865593,,,
Timor-Leste,TLS,"Mortality from CVD, cancer, diabetes or CRD between exact ages 30 and 70 (%)",SH.DYN.NCOM.ZS,,,,,,,,,,,,,,,,,,,,,,,,,,,,,,,,,,,,,,,,,19,19.2,18.5,19.6,20.2,19.8,18.4,17.3,16.9,20.4,19.9,19.8,18.8,18.8,18.9,18.6,19,19,19.4,19.9,,,
Middle East & North Africa (IDA & IBRD countries),TMN,"Mortality from CVD, cancer, diabetes or CRD between exact ages 30 and 70 (%)",SH.DYN.NCOM.ZS,,,,,,,,,,,,,,,,,,,,,,,,,,,,,,,,,,,,,,,,,23.93870319,23.92912599,23.79058119,23.71239125,23.40456371,23.04626531,22.86613148,22.569153,22.41409017,22.26573503,21.95115426,21.62673558,21.77190368,21.41789919,21.41723855,21.66928254,21.30207339,20.94504147,20.91936937,20.82222804,,,
Tonga,TON,"Mortality from CVD, cancer, diabetes or CRD between exact ages 30 and 70 (%)",SH.DYN.NCOM.ZS,,,,,,,,,,,,,,,,,,,,,,,,,,,,,,,,,,,,,,,,,27.6,27.2,27.2,27.5,27.2,26.1,25.9,25.9,25.9,26.1,26.3,26.2,26.1,26.1,26.2,26.1,25.8,25.7,25.3,24.8,,,
South Asia (IDA & IBRD),TSA,"Mortality from CVD, cancer, diabetes or CRD between exact ages 30 and 70 (%)",SH.DYN.NCOM.ZS,,,,,,,,,,,,,,,,,,,,,,,,,,,,,,,,,,,,,,,,,25.69643814,25.50678687,25.27055256,24.72919135,23.60682123,23.65340245,23.88682084,24.04851749,24.11537922,23.95713167,24.27315278,24.27443543,24.02565883,23.19175606,22.60262759,23.02570791,22.97781301,22.65825797,22.48178909,22.36507241,,,
Sub-Saharan Africa (IDA & IBRD countries),TSS,"Mortality from CVD, cancer, diabetes or CRD between exact ages 30 and 70 (%)",SH.DYN.NCOM.ZS,,,,,,,,,,,,,,,,,,,,,,,,,,,,,,,,,,,,,,,,,26.44682644,26.09092456,25.79101436,25.62399601,25.37501397,25.13173489,24.95299063,24.69830855,24.51894671,24.27297094,23.9479605,23.62891401,23.28243401,23.00028079,22.70062768,22.47848698,22.23955128,21.91474869,21.61492664,21.36472854,,,
Trinidad and Tobago,TTO,"Mortality from CVD, cancer, diabetes or CRD between exact ages 30 and 70 (%)",SH.DYN.NCOM.ZS,,,,,,,,,,,,,,,,,,,,,,,,,,,,,,,,,,,,,,,,,28.7,27.8,26.5,26.5,26.4,25.2,23.6,23,23.6,21.7,21.9,21.2,20.1,20.3,19.8,19.3,18.8,18.2,17.6,17.1,,,
Tunisia,TUN,"Mortality from CVD, cancer, diabetes or CRD between exact ages 30 and 70 (%)",SH.DYN.NCOM.ZS,,,,,,,,,,,,,,,,,,,,,,,,,,,,,,,,,,,,,,,,,19.1,18.8,18.5,18.1,17.9,17.7,17.5,17.3,17.1,16.9,16.8,16.7,16.5,16.3,16.2,16,15.9,15.8,15.8,15.7,,,
Turkiye,TUR,"Mortality from CVD, cancer, diabetes or CRD between exact ages 30 and 70 (%)",SH.DYN.NCOM.ZS,,,,,,,,,,,,,,,,,,,,,,,,,,,,,,,,,,,,,,,,,21,20.4,19.9,19.3,18.7,18.2,17.9,17.5,17.4,18,17.9,17.3,16.8,16.6,16.6,16.4,16.1,15.9,15.8,15.6,,,
Tuvalu,TUV,"Mortality from CVD, cancer, diabetes or CRD between exact ages 30 and 70 (%)",SH.DYN.NCOM.ZS,,,,,,,,,,,,,,,,,,,,,,,,,,,,,,,,,,,,,,,,,,,,,,,,,,,,,,,,,,,,,,,
Tanzania,TZA,"Mortality from CVD, cancer, diabetes or CRD between exact ages 30 and 70 (%)",SH.DYN.NCOM.ZS,,,,,,,,,,,,,,,,,,,,,,,,,,,,,,,,,,,,,,,,,23.1,22.1,21,20.5,19.7,19.2,19.3,19.7,20.1,19.8,19.2,18.8,18,18.2,17.8,17.7,17.9,17.7,17.4,17.4,,,
Uganda,UGA,"Mortality from CVD, cancer, diabetes or CRD between exact ages 30 and 70 (%)",SH.DYN.NCOM.ZS,,,,,,,,,,,,,,,,,,,,,,,,,,,,,,,,,,,,,,,,,30.3,29.9,29.3,29,28.9,28.9,28.1,26.3,25.1,24.6,24.1,23.9,23.1,22.8,22.3,21.9,22,21.3,21.1,21.2,,,
Ukraine,UKR,"Mortality from CVD, cancer, diabetes or CRD between exact ages 30 and 70 (%)",SH.DYN.NCOM.ZS,,,,,,,,,,,,,,,,,,,,,,,,,,,,,,,,,,,,,,,,,34.7,34,34.1,34.1,34.6,35.3,33.8,33.9,33.5,30.8,29.7,28.3,28.2,27.4,27.7,26.2,26,25.1,26.1,25.5,,,
Upper middle income,UMC,"Mortality from CVD, cancer, diabetes or CRD between exact ages 30 and 70 (%)",SH.DYN.NCOM.ZS,,,,,,,,,,,,,,,,,,,,,,,,,,,,,,,,,,,,,,,,,23.76124555,23.39634686,23.37212643,23.27240991,22.95967787,22.365094,21.36602555,20.67184076,20.35477955,19.99906406,19.67800403,19.23112,18.75309669,18.20839094,17.97232819,17.5798253,17.5015189,17.1029999,16.82099533,16.61361697,,,
Uruguay,URY,"Mortality from CVD, cancer, diabetes or CRD between exact ages 30 and 70 (%)",SH.DYN.NCOM.ZS,,,,,,,,,,,,,,,,,,,,,,,,,,,,,,,,,,,,,,,,,20.5,20.2,20,20.3,19.8,19.1,18.9,19.2,18.3,17.8,17.6,17.8,17.4,17,17,17.1,17.5,16.1,16.9,16.5,,,
United States,USA,"Mortality from CVD, cancer, diabetes or CRD between exact ages 30 and 70 (%)",SH.DYN.NCOM.ZS,,,,,,,,,,,,,,,,,,,,,,,,,,,,,,,,,,,,,,,,,18.1,17.6,17.3,17,16.4,16.1,15.7,15.4,15.2,14.9,14.5,14.3,14.2,14,13.9,13.9,14,13.8,13.6,13.6,,,
Uzbekistan,UZB,"Mortality from CVD, cancer, diabetes or CRD between exact ages 30 and 70 (%)",SH.DYN.NCOM.ZS,,,,,,,,,,,,,,,,,,,,,,,,,,,,,,,,,,,,,,,,,34.2,33.5,34.5,34.1,33.4,34.9,32.8,31.8,30.8,29.1,28.9,28.6,28.3,27.9,28.6,27,26.8,26.4,25.9,25.3,,,
St. Vincent and the Grenadines,VCT,"Mortality from CVD, cancer, diabetes or CRD between exact ages 30 and 70 (%)",SH.DYN.NCOM.ZS,,,,,,,,,,,,,,,,,,,,,,,,,,,,,,,,,,,,,,,,,24.3,23.5,23.9,22.5,22.4,21,20.3,18.8,18.5,18.1,19.5,20.5,21.5,22.3,22.6,22.3,21.9,21.7,20.9,20.7,,,
"Venezuela, RB",VEN,"Mortality from CVD, cancer, diabetes or CRD between exact ages 30 and 70 (%)",SH.DYN.NCOM.ZS,,,,,,,,,,,,,,,,,,,,,,,,,,,,,,,,,,,,,,,,,17.4,17.5,16.9,17.3,16.6,16.5,16.2,16.2,16.3,16.2,16.2,16.6,16.4,16.1,16.5,16.1,16.2,15.9,15.3,14.8,,,
British Virgin Islands,VGB,"Mortality from CVD, cancer, diabetes or CRD between exact ages 30 and 70 (%)",SH.DYN.NCOM.ZS,,,,,,,,,,,,,,,,,,,,,,,,,,,,,,,,,,,,,,,,,,,,,,,,,,,,,,,,,,,,,,,
Virgin Islands (U.S.),VIR,"Mortality from CVD, cancer, diabetes or CRD between exact ages 30 and 70 (%)",SH.DYN.NCOM.ZS,,,,,,,,,,,,,,,,,,,,,,,,,,,,,,,,,,,,,,,,,,,,,,,,,,,,,,,,,,,,,,,
Vietnam,VNM,"Mortality from CVD, cancer, diabetes or CRD between exact ages 30 and 70 (%)",SH.DYN.NCOM.ZS,,,,,,,,,,,,,,,,,,,,,,,,,,,,,,,,,,,,,,,,,21.6,21.5,21.6,21.6,21.7,21.8,21.9,22.2,22.4,22.4,22.4,22.3,22.3,22.2,22.1,21.9,21.8,21.6,21.4,21.2,,,
Vanuatu,VUT,"Mortality from CVD, cancer, diabetes or CRD between exact ages 30 and 70 (%)",SH.DYN.NCOM.ZS,,,,,,,,,,,,,,,,,,,,,,,,,,,,,,,,,,,,,,,,,40.5,40.6,40.3,40.1,40.1,40.1,40.4,40.2,40.1,40.6,40.4,40.3,40.6,40.4,40.2,40.1,39.9,39.8,39.8,39.7,,,
World,WLD,"Mortality from CVD, cancer, diabetes or CRD between exact ages 30 and 70 (%)",SH.DYN.NCOM.ZS,,,,,,,,,,,,,,,,,,,,,,,,,,,,,,,,,,,,,,,,,22.90558668,22.62079303,22.506959,22.29969638,21.8423011,21.5611948,21.12440555,20.83464769,20.66259151,20.41545823,20.26824071,20.02775895,19.76897652,19.31306934,19.04507796,18.98374263,18.89884015,18.60069553,18.42471426,18.28388718,,,
Samoa,WSM,"Mortality from CVD, cancer, diabetes or CRD between exact ages 30 and 70 (%)",SH.DYN.NCOM.ZS,,,,,,,,,,,,,,,,,,,,,,,,,,,,,,,,,,,,,,,,,33.7,33.6,33.4,33.3,33.1,33,32.9,32.7,32.6,32,32.4,32.3,32.2,31.9,31.9,31.8,31.7,31.5,31.4,31.2,,,
Kosovo,XKX,"Mortality from CVD, cancer, diabetes or CRD between exact ages 30 and 70 (%)",SH.DYN.NCOM.ZS,,,,,,,,,,,,,,,,,,,,,,,,,,,,,,,,,,,,,,,,,,,,,,,,,,,,,,,,,,,,,,,
"Yemen, Rep.",YEM,"Mortality from CVD, cancer, diabetes or CRD between exact ages 30 and 70 (%)",SH.DYN.NCOM.ZS,,,,,,,,,,,,,,,,,,,,,,,,,,,,,,,,,,,,,,,,,31,30.6,30.1,29.7,29.4,29.1,28.7,28.4,28.3,27.9,27.4,27.2,27.1,26.9,26.7,26.6,26.8,27.1,27.4,27.6,,,
South Africa,ZAF,"Mortality from CVD, cancer, diabetes or CRD between exact ages 30 and 70 (%)",SH.DYN.NCOM.ZS,,,,,,,,,,,,,,,,,,,,,,,,,,,,,,,,,,,,,,,,,32.6,32.2,32.3,32.5,32.2,32.3,32.4,32.2,32.3,32,31.3,30,29.1,28.5,28.7,28.8,28.5,27.8,25.5,24.1,,,
Zambia,ZMB,"Mortality from CVD, cancer, diabetes or CRD between exact ages 30 and 70 (%)",SH.DYN.NCOM.ZS,,,,,,,,,,,,,,,,,,,,,,,,,,,,,,,,,,,,,,,,,33,32.1,31.4,30.7,30.9,30.4,30,28.7,27.8,27.6,28.1,28.3,27.6,27.2,26.9,26.6,26.4,26.2,25.6,24.6,,,
Zimbabwe,ZWE,"Mortality from CVD, cancer, diabetes or CRD between exact ages 30 and 70 (%)",SH.DYN.NCOM.ZS,,,,,,,,,,,,,,,,,,,,,,,,,,,,,,,,,,,,,,,,,21.4,21.7,22.7,23.1,24.5,25.8,27,29.7,32.1,33.5,33.3,32.5,32,31.4,31.2,31.1,30.4,29.3,28.5,28.4,,,
